<?xml version="1.0" encoding="utf-8"?>
<theme id="action" name="Lil' Peepz" cc_theme_id="cc2">
	<background id="ncc_medium.swf" name="Medium Horizoon" enable="Y" default="N" is_premium="N" aid="10712" money="0" sharing="0"/>
	<background id="ncc_low.swf" name="Low Horizoon" enable="Y" default="N" is_premium="N" aid="10800" money="0" sharing="0"/>
        <background id="ncc_floor.swf" name="Floor" enable="Y" default="N" is_premium="N" aid="10673" money="0" sharing="0"/>
        <background id="ncc_gradient.swf" name="Gradient" enable="Y" default="N" is_premium="N" aid="10674" money="0" sharing="0"/>
        <background id="ncc_high.swf" name="High Horizon" enable="Y" is_premium="N" aid="10675" money="0" sharing="0"/>
        <background id="ncc_interior_left.swf" name="Interior left" enable="Y" default="N" is_premium="N" aid="10676" money="0" sharing="0"/>
        <background id="ncc_interior_right.swf" name="Interior right" enable="Y" default="N" is_premium="N" aid="10677" money="0" sharing="0"/>
        <background id="ncc_interior_left02.swf" name="Interior left" enable="Y" default="N" is_premium="N" aid="10680" money="0" sharing="0"/>
        <background id="ncc_interior_right02.swf" name="Interior right" enable="Y" default="N" is_premium="N" aid="10681" money="0" sharing="0"/>
        <background id="wall01.swf" name="Brick wall" enable="Y" default="N" is_premium="Y" aid="10775" money="0" sharing="0"/>
        <background id="wall02.swf" name="Thick striped wallpaper" enable="Y" default="N" is_premium="N" aid="10776" money="0" sharing="0"/>
        <background id="wall03.swf" name="Thin striped wallpaper" enable="Y" default="N" is_premium="N" aid="10777" money="0" sharing="0"/>
        <background id="wall04.swf" name="Dotted wallpaper" enable="Y" default="N" is_premium="N" aid="10778" money="0" sharing="0"/>
        <background id="wall05.swf" name="Squared wallpaper" enable="Y" default="N" is_premium="Y" aid="10779" money="0" sharing="0"/>
        <background id="wall06.swf" name="Dotted floor" enable="Y" default="N" is_premium="N" aid="10780" money="0" sharing="0"/>
        <background id="wall07.swf" name="Striped wallpaper" enable="Y" default="N" is_premium="Y" aid="10781" money="0" sharing="0"/>
        <background id="wall08.swf" name="Flashing floor" enable="Y" default="N" is_premium="Y" aid="10782" money="0" sharing="0"/>
        <background id="star_night.swf" name="starry night" enable="Y" default="N" is_premium="N" aid="10783" money="0" sharing="0"/>
        <background id="ncc_wall09_left.swf" name="Teak flooring" enable="Y" default="N" is_premium="N" aid="10898" money="0" sharing="0"/>
        <background id="ncc_wall09_right.swf" name="Teak flooring" enable="Y" default="N" is_premium="N" aid="10899" money="0" sharing="0"/>
        <background id="wall_09.swf" name="Two-color wall" enable="Y" default="N" is_premium="N" aid="11059" money="0" sharing="0"/>
        <background id="ncc_constore01.swf" name="Counter" enable="Y" default="N" is_premium="N" aid="11060" money="0" sharing="0"/>
        <background id="ncc_constore02.swf" name="Convenient store" enable="Y" default="N" is_premium="N" aid="11061" money="0" sharing="0"/>
        <background id="ncc_train.swf" name="Side view" enable="Y" default="N" is_premium="N" aid="11062" money="0" sharing="0"/>
        <background id="nccha_cave.swf" name="Cave" enable="Y" default="N" is_premium="Y" aid="11239" money="0" sharing="0"/>
        <background id="nccha_stone.swf" name="Stone" enable="Y" default="N" is_premium="Y" aid="11240" money="0" sharing="0"/>
        <background id="wall10.swf" name="Wallpaper" enable="Y" default="N" is_premium="N" aid="11318" money="0" sharing="0"/>
        <background id="ncc_floor01.swf" name="Floor" enable="Y" default="N" is_premium="N" aid="11451" money="0" sharing="0"/>
        <background id="wall11.swf" name="Uniform" enable="Y" default="N" is_premium="N" aid="11452" money="0" sharing="0"/>
        <background id="wall12.swf" name="Wallpaper" enable="Y" default="N" is_premium="N" aid="11453" money="0" sharing="0"/>
        <background id="wall13.swf" name="Wallpaper" enable="Y" default="N" is_premium="N" aid="11454" money="0" sharing="0"/>
        <background id="wall14.swf" name="Wallpaper" enable="Y" default="N" is_premium="N" aid="11455" money="0" sharing="0"/>
        <background id="wall_grass.swf" name="Barn" enable="Y" default="N" is_premium="Y" aid="11573" money="0" sharing="0"/>
        <background id="wall15.swf" name="Wallpaper" enable="Y" default="N" is_premium="N" aid="11667" money="0" sharing="0"/>
        <background id="ncc_road.swf" name="Road" enable="Y" default="N" is_premium="N" aid="11668" money="0" sharing="0"/>
        <background id="ncc_soil.swf" name="Soil" enable="Y" default="N" is_premium="N" aid="11669" money="0" sharing="0"/>
        <background id="wall16.swf" name="Interior" enable="Y" default="N" is_premium="Y" aid="11765" money="0" sharing="0"/>
        <background id="wall17.swf" name="Interior" enable="Y" default="N" is_premium="Y" aid="11766" money="0" sharing="0"/>
        <background id="wall18.swf" name="Interior" enable="Y" default="N" is_premium="Y" aid="11767" money="0" sharing="0"/>
        <background id="wall19.swf" name="Interior" enable="Y" default="N" is_premium="N" aid="11768" money="0" sharing="0"/>
        <background id="wall20.swf" name="Airport daytime" enable="Y" default="N" is_premium="Y" aid="11769" money="0" sharing="0"/>
        <background id="wall21.swf" name="Airport nighttime" enable="Y" default="N" is_premium="Y" aid="11770" money="0" sharing="0"/>
        <background id="wall22.swf" name="Interior" enable="Y" default="N" is_premium="Y" aid="11771" money="0" sharing="0"/>
        <background id="wall23.swf" name="Floor" enable="Y" default="N" is_premium="N" aid="11772" money="0" sharing="0"/>
        <background id="wall24.swf" name="Floor" enable="Y" default="N" is_premium="N" aid="11773" money="0" sharing="0"/>
        <background id="ncc_corridor.swf" name="Corridor" enable="Y" default="N" is_premium="Y" aid="11855" money="0" sharing="0"/>
        <background id="ncc_civilwar.swf" name="US Civil War map" enable="Y" default="N" is_premium="N" aid="11994" money="0" sharing="0"/>
        <background id="ncc_revolu_bg.swf" name="Independence hall" enable="Y" default="N" is_premium="N" aid="11995" money="0" sharing="0"/>
        <background id="ncc_revolu_map.swf" name="US Revolutionary War map" enable="Y" default="N" is_premium="N" aid="11996" money="0" sharing="0"/>
        <background id="ncc_usmap.swf" name="US map" enable="Y" default="N" is_premium="Y" aid="11997" money="0" sharing="0"/>
        <background id="ncc_warland.swf" name="Battlefield" enable="Y" default="N" is_premium="Y" aid="11998" money="0" sharing="0"/>
        <background id="wall25.swf" name="Wallpaper" enable="Y" default="N" is_premium="N" aid="11999" money="0" sharing="0"/>
        <background id="wall26.swf" name="Wallpaper" enable="Y" default="N" is_premium="N" aid="12000" money="0" sharing="0"/>
        <background id="ncc_lift_bg.swf" name="Lift inside" enable="Y" default="N" is_premium="N" aid="12001" money="0" sharing="0"/>
        <background id="ncc_lobby.swf" name="Lobby" enable="Y" default="N" is_premium="N" aid="12002" money="0" sharing="0"/>
        <background id="ncc_path.swf" name="Path" enable="Y" default="N" is_premium="N" aid="17345" money="0" sharing="0"/>
        <background id="ncc_underground.swf" name="Underground" enable="Y" default="N" is_premium="N" aid="17346" money="0" sharing="0"/>
        <background id="ncc_plain.swf" name="Plain" enable="Y" default="N" is_premium="N" aid="23110" money="0" sharing="0"/>
        <background id="wall27.swf" name="Staircase" enable="Y" default="N" is_premium="N" aid="12160" money="0" sharing="0"/>
        <background id="wall28.swf" name="Staircase" enable="Y" default="N" is_premium="N" aid="12161" money="0" sharing="0"/>
        <background id="wall29.swf" name="Interior" enable="Y" default="N" is_premium="N" aid="12162" money="0" sharing="0"/>
        <background id="wall30.swf" name="Linear gradient" enable="Y" default="N" is_premium="N" aid="12163" money="0" sharing="0"/>
        <background id="wall31.swf" name="Radial gradient" enable="Y" default="N" is_premium="N" aid="12164" money="0" sharing="0"/>
        <background id="ncc_hilltop_bg.swf" name="Grassland" enable="Y" default="N" is_premium="N" aid="12222" money="0" sharing="0"/>
        <background id="wall33.swf" name="pattern" enable="Y" default="N" is_premium="N" aid="12324" money="0" sharing="0"/>
        <background id="wall32.swf" name="effect" enable="Y" default="N" is_premium="N" aid="12325" money="0" sharing="0"/>
        <background id="ncc_gate.swf" name="Metal doors" enable="Y" default="N" is_premium="N" aid="12326" money="0" sharing="0"/>
        <background id="ncc_weird.swf" name="Haunted" enable="Y" default="N" is_premium="Y" aid="12360" money="0" sharing="0"/>
        <background id="ncc_shock.swf" name="Shock" enable="Y" default="N" is_premium="Y" aid="12361" money="0" sharing="0"/>
        <background id="ncc_anger.swf" name="Explosion" enable="Y" default="N" is_premium="Y" aid="12362" money="0" sharing="0"/>
        <background id="ncc_anger2.swf" name="Explosion" enable="Y" default="N" is_premium="Y" aid="12363" money="0" sharing="0"/>
        <background id="ncc_pirateship01_bg.swf" name="Ship's side" enable="Y" default="N" is_premium="N" aid="12432" money="0" sharing="0"/>
        <background id="ncc_pirateship01_deck.swf" name="Ship's deck" enable="Y" default="N" is_premium="N" aid="12433" money="0" sharing="0"/>
        <background id="16_9.swf" name="16-9" enable="Y" default="N" is_premium="N" aid="12437" money="0" sharing="0"/>
	<compositebg id="cbg_living_rm01" name="Living room" enable="Y" default="N" thumb="living_rm01.jpg" display_order="0" is_premium="N" money="0" sharing="0" aid="10713">
	<bg id="cbg_living_rm01_BG43" index="0">
		<file>action.ncc_medium.swf</file>
		<color r="colorA">13295579</color>
		<color r="colorB">8618916</color>
	</bg>
	<prop id="cbg_living_rm01_PROP362" index="3">
		<file>action.backdrop.swf</file>
		<x>425</x>
		<y>112</y>
		<xscale>0.4</xscale>
		<yscale>0.39</yscale>
		<face>1</face>
		<rotation>0</rotation>
	</prop>
	<prop id="cbg_living_rm01_PROP363" index="4">
		<file>action.window_display.swf</file>
		<x>370.6</x>
		<y>69</y>
		<xscale>1.19</xscale>
		<yscale>1.19</yscale>
		<face>1</face>
		<rotation>0</rotation>
	</prop>
	<prop id="cbg_living_rm01_PROP364" index="5">
		<file>action.window_display.swf</file>
		<x>489.4</x>
		<y>69</y>
		<xscale>1.19</xscale>
		<yscale>1.19</yscale>
		<face>1</face>
		<rotation>0</rotation>
	</prop>
	<prop id="cbg_living_rm01_PROP365" index="6">
		<file>action.msp_door01.msp_door01_door01_front_close.swf</file>
		<x>117</x>
		<y>132</y>
		<xscale>0.86</xscale>
		<yscale>0.86</yscale>
		<face>-1</face>
		<rotation>0</rotation>
		<color r="ccColorA">7292976</color>
	</prop>
	<prop id="cbg_living_rm01_PROP366" index="1">
		<file>action.msp_pic01.msp_pic01_pic_front.swf</file>
		<x>250</x>
		<y>86</y>
		<xscale>1</xscale>
		<yscale>1</yscale>
		<face>1</face>
		<rotation>0</rotation>
		<color r="ccColorA">16777215</color>
	</prop>
	<prop id="cbg_living_rm01_PROP367" index="7">
		<file>action.carpet.swf</file>
		<x>332</x>
		<y>302</y>
		<xscale>1.67</xscale>
		<yscale>1.48</yscale>
		<face>1</face>
		<rotation>0</rotation>
		<color r="ccColorA">12768730</color>
		<color r="ccColorB">10053171</color>
	</prop>
	<prop id="cbg_living_rm01_PROP368" index="8">
		<file>action.msp_sofa02.msp_sofa02_sofa02_front.swf</file>
		<x>397</x>
		<y>207.5</y>
		<xscale>1</xscale>
		<yscale>1</yscale>
		<face>1</face>
		<rotation>0</rotation>
		<color r="ccColorA">10066278</color>
	</prop>
	<prop id="cbg_living_rm01_PROP369" index="9">
		<file>action.lamp_floor.swf</file>
		<x>568</x>
		<y>146</y>
		<xscale>1</xscale>
		<yscale>1</yscale>
		<face>1</face>
		<rotation>0</rotation>
		<color r="ccColorA">16777164</color>
		<color r="ccColorB">6697728</color>
	</prop>
	<prop id="cbg_living_rm01_PROP370" index="10">
		<file>action.msp_shelves03.msp_shelves03_bookshelves_front.swf</file>
		<x>212</x>
		<y>347</y>
		<xscale>1</xscale>
		<yscale>1</yscale>
		<face>1</face>
		<rotation>0</rotation>
	</prop>
	<prop id="cbg_living_rm01_PROP371" index="11">
		<file>action.msp_old_tv.msp_old_tv_old_tv_back.swf</file>
		<x>213.1</x>
		<y>268</y>
		<xscale>1</xscale>
		<yscale>1</yscale>
		<face>1</face>
		<rotation>0</rotation>
	</prop>
</compositebg>
	<compositebg id="cbg_street01" name="Street" enable="Y" default="Y" thumb="street01.jpg" display_order="0" is_premium="N" money="0" sharing="0" aid="10801">
	<bg id="cbg_street01_BG3" index="0">
		<file>action.ncc_low.swf</file>
		<color r="colorB">3290175</color>
		<color r="colorA">9672351</color>
	</bg>
	<prop id="cbg_street01_PROP0" index="2">
		<file>action.msp_vending_drink.msp_vending_drink_vending_drink.swf</file>
		<x>80</x>
		<y>184</y>
		<xscale>1</xscale>
		<yscale>1</yscale>
		<face>1</face>
		<rotation>0</rotation>
		<color r="ccColorA">5995069</color>
	</prop>
	<prop id="cbg_street01_PROP3" index="3">
		<file>action.msp_vending_drink.msp_vending_drink_vending_drink.swf</file>
		<x>225</x>
		<y>184</y>
		<xscale>1</xscale>
		<yscale>1</yscale>
		<face>1</face>
		<rotation>0</rotation>
		<color r="ccColorA">9319733</color>
	</prop>
	<prop id="cbg_street01_PROP2" index="4">
		<file>action.bench01.swf</file>
		<x>432</x>
		<y>247</y>
		<xscale>0.85</xscale>
		<yscale>0.85</yscale>
		<face>1</face>
		<rotation>0</rotation>
		<color r="ccColorA">6710886</color>
	</prop>
	<prop id="cbg_street01_PROP8" index="5">
		<file>action.street_lamp.swf</file>
		<x>566</x>
		<y>177</y>
		<xscale>1.7</xscale>
		<yscale>1.77</yscale>
		<face>-1</face>
		<rotation>0</rotation>
	</prop>
</compositebg>
	<prop id="vending_drink.swf" name="Drinks vending machine" holdable="0" placeable="1" wearable="0" facing="left" thumb="" enable="Y" is_premium="N" aid="10797" money="0" sharing="0"/>
	<prop id="bench01.swf" name="Bench" holdable="0" placeable="1" wearable="0" facing="left" thumb="" enable="Y" is_premium="N" aid="10798" money="0" sharing="0"/>
	<prop id="street_lamp.swf" name="Street lamp" holdable="0" placeable="1" wearable="0" facing="left" thumb="" enable="Y" is_premium="N" aid="10799" money="0" sharing="0"/>
	<prop id="backdrop.swf" name="City backdrop" holdable="0" placeable="1" wearable="0" facing="left" thumb="" enable="Y" is_premium="N" aid="10690" money="0" sharing="0"/>
	<prop id="window_display.swf" name="Window" holdable="0" placeable="1" wearable="0" facing="left" thumb="" enable="Y" is_premium="N" aid="10691" money="0" sharing="0"/>
	<prop id="msp_door01" name="Door" holdable="0" placeable="1" wearable="0" facing="left" thumb="msp_door01_door01_front_close.swf" enable="Y" is_premium="N" aid="10692" money="0" sharing="0">
		<state id="msp_door01_door01_front_close.swf" name="front closed" enable="Y" default="Y"/>
		<state id="msp_door01_door01_front_open.swf" name="front open" enable="Y"/>
	</prop>
	<prop id="msp_pic01" name="Picture" holdable="0" placeable="1" wearable="0" facing="left" thumb="msp_pic01_pic_front.swf" enable="Y" is_premium="N" aid="10695" money="0" sharing="0">
		<state id="msp_pic01_pic_front.swf" name="front" enable="Y" default="Y"/>
		<state id="msp_pic01_pic_side.swf" name="side" enable="Y"/>
	</prop>
	<prop id="msp_sofa02" name="sofa" holdable="0" placeable="1" wearable="0" facing="left" thumb="msp_sofa02_sofa02_front.swf" enable="Y" is_premium="N" aid="10698" money="0" sharing="0">
		<state id="msp_sofa02_sofa02_front.swf" name="front" enable="Y" default="Y"/>
		<state id="msp_sofa02_sofa02_side.swf" name="side" enable="Y"/>
	</prop>
	<prop id="lamp_floor.swf" name="Lamp (floor)" holdable="0" placeable="1" wearable="0" facing="left" thumb="" enable="Y" is_premium="N" aid="10701" money="0" sharing="0"/>
	<prop id="msp_shelves03" name="Bookshelves" holdable="0" placeable="1" wearable="0" facing="left" thumb="msp_shelves03_bookshelves_front.swf" enable="Y" is_premium="N" aid="10702" money="0" sharing="0">
		<state id="msp_shelves03_bookshelves_front.swf" name="front" enable="Y" default="Y"/>
		<state id="msp_shelves03_bookshelves_side.swf" name="side" enable="Y"/>
	</prop>
	<prop id="msp_old_tv" name="Old TV" holdable="0" placeable="1" wearable="0" facing="left" thumb="msp_old_tv_old_tv_front.swf" enable="Y" is_premium="N" aid="10705" money="0" sharing="0">
		<state id="msp_old_tv_old_tv_front.swf" name="front" enable="Y" default="Y"/>
		<state id="msp_old_tv_old_tv_front_non.swf" name="front transparent" enable="Y"/>
		<state id="msp_old_tv_old_tv_back.swf" name="back" enable="Y"/>
		<state id="msp_old_tv_old_tv_side.swf" name="side" enable="Y"/>
		<state id="msp_old_tv_old_tv_side_back.swf" name="side back" enable="Y"/>
	</prop>
	<prop id="carpet.swf" name="Carpet" holdable="0" placeable="1" wearable="0" facing="left" thumb="" enable="Y" is_premium="N" aid="10711" money="0" sharing="0"/>
	<prop id="msp_vending_drink" name="Vending machine" holdable="0" placeable="1" wearable="0" facing="left" thumb="msp_vending_drink_vending_drink.swf" enable="Y" is_premium="N" aid="12172" money="0" sharing="0">
		<state id="msp_vending_drink_vending_drink.swf" name="front" enable="Y" default="Y"/>
		<state id="msp_vending_drink_ncc_vending_drink_side.swf" name="side" enable="Y"/>
	</prop>

<char id="328503868" name="" cc_theme_id="cc2" thumbnail_url="char-default.png" copyable="Y">
<tags>cc2,_free,_cat:Stock Characters</tags>
</char>
<char id="328503855" name="" cc_theme_id="cc2" thumbnail_url="char-default.png" copyable="Y">
<tags>cc2,_free,_cat:Stock Characters</tags>
</char>
<char id="328503840" name="" cc_theme_id="cc2" thumbnail_url="char-default.png" copyable="Y">
<tags>cc2,_free,_cat:Stock Characters</tags>
</char>
<char id="328503826" name="" cc_theme_id="cc2" thumbnail_url="char-default.png" copyable="Y">
<tags>cc2,_free,_cat:Stock Characters</tags>
</char>
<char id="328503807" name="" cc_theme_id="cc2" thumbnail_url="char-default.png" copyable="Y">
<tags>cc2,_free,_cat:Stock Characters</tags>
</char>
<char id="328503791" name="" cc_theme_id="cc2" thumbnail_url="char-default.png" copyable="Y">
<tags>cc2,_free,_cat:Stock Characters</tags>
</char>
<char id="328503770" name="" cc_theme_id="cc2" thumbnail_url="char-default.png" copyable="Y">
<tags>cc2,_free,_cat:Stock Characters</tags>
</char>
<char id="328503751" name="" cc_theme_id="cc2" thumbnail_url="char-default.png" copyable="Y">
<tags>cc2,_free,_cat:Stock Characters</tags>
</char>
<char id="328503740" name="" cc_theme_id="cc2" thumbnail_url="char-default.png" copyable="Y">
<tags>cc2,_free,_cat:Stock Characters</tags>
</char>
<char id="328503717" name="" cc_theme_id="cc2" thumbnail_url="char-default.png" copyable="Y">
<tags>cc2,_free,_cat:Stock Characters</tags>
</char>
<char id="328519707" name="" cc_theme_id="cc2" thumbnail_url="char-default.png" copyable="Y">
<tags>cc2,_free,_cat:Stock Characters</tags>
</char>
<char id="328519696" name="" cc_theme_id="cc2" thumbnail_url="char-default.png" copyable="Y">
<tags>cc2,_free,_cat:Stock Characters</tags>
</char>
<char id="328519675" name="" cc_theme_id="cc2" thumbnail_url="char-default.png" copyable="Y">
<tags>cc2,_free,_cat:Stock Characters</tags>
</char>
<char id="328519648" name="" cc_theme_id="cc2" thumbnail_url="char-default.png" copyable="Y">
<tags>cc2,_free,_cat:Stock Characters</tags>
</char>
<char id="328519638" name="" cc_theme_id="cc2" thumbnail_url="char-default.png" copyable="Y">
<tags>cc2,_free,_cat:Stock Characters</tags>
</char>
<char id="328519624" name="" cc_theme_id="cc2" thumbnail_url="char-default.png" copyable="Y">
<tags>cc2,_free,_cat:Stock Characters</tags>
</char>
<char id="328519609" name="" cc_theme_id="cc2" thumbnail_url="char-default.png" copyable="Y">
<tags>cc2,_free,_cat:Stock Characters</tags>
</char>
<char id="328519597" name="" cc_theme_id="cc2" thumbnail_url="char-default.png" copyable="Y">
<tags>cc2,_free,_cat:Stock Characters</tags>
</char>
<char id="328519582" name="" cc_theme_id="cc2" thumbnail_url="char-default.png" copyable="Y">
<tags>cc2,_free,_cat:Stock Characters</tags>
</char>
<char id="328519564" name="" cc_theme_id="cc2" thumbnail_url="char-default.png" copyable="Y">
<tags>cc2,_free,_cat:Stock Characters</tags>
</char>
<char id="328535370" name="" cc_theme_id="cc2" thumbnail_url="char-default.png" copyable="Y">
<tags>cc2,_free,_cat:Stock Characters</tags>
</char>
<char id="328535358" name="" cc_theme_id="cc2" thumbnail_url="char-default.png" copyable="Y">
<tags>cc2,_free,_cat:Stock Characters</tags>
</char>
<char id="328535343" name="" cc_theme_id="cc2" thumbnail_url="char-default.png" copyable="Y">
<tags>cc2,_free,_cat:Stock Characters</tags>
</char>
<char id="328535333" name="" cc_theme_id="cc2" thumbnail_url="char-default.png" copyable="Y">
<tags>cc2,_free,_cat:Stock Characters</tags>
</char>
<char id="328535312" name="" cc_theme_id="cc2" thumbnail_url="char-default.png" copyable="Y">
<tags>cc2,_free,_cat:Stock Characters</tags>
</char>
<char id="328535294" name="" cc_theme_id="cc2" thumbnail_url="char-default.png" copyable="Y">
<tags>cc2,_free,_cat:Stock Characters</tags>
</char>
<char id="328535276" name="" cc_theme_id="cc2" thumbnail_url="char-default.png" copyable="Y">
<tags>cc2,_free,_cat:Stock Characters</tags>
</char>
<char id="328535258" name="" cc_theme_id="cc2" thumbnail_url="char-default.png" copyable="Y">
<tags>cc2,_free,_cat:Stock Characters</tags>
</char>
<char id="328535244" name="" cc_theme_id="cc2" thumbnail_url="char-default.png" copyable="Y">
<tags>cc2,_free,_cat:Stock Characters</tags>
</char>
<char id="328535229" name="" cc_theme_id="cc2" thumbnail_url="char-default.png" copyable="Y">
<tags>cc2,_free,_cat:Stock Characters</tags>
</char>
<char id="328550559" name="" cc_theme_id="cc2" thumbnail_url="char-default.png" copyable="Y">
<tags>cc2,_free,_cat:Stock Characters</tags>
</char>
<char id="328550539" name="" cc_theme_id="cc2" thumbnail_url="char-default.png" copyable="Y">
<tags>cc2,_free,_cat:Stock Characters</tags>
</char>
<char id="328550528" name="" cc_theme_id="cc2" thumbnail_url="char-default.png" copyable="Y">
<tags>cc2,_free,_cat:Stock Characters</tags>
</char>
<char id="328550519" name="" cc_theme_id="cc2" thumbnail_url="char-default.png" copyable="Y">
<tags>cc2,_free,_cat:Stock Characters</tags>
</char>
<char id="328550494" name="" cc_theme_id="cc2" thumbnail_url="char-default.png" copyable="Y">
<tags>cc2,_free,_cat:Stock Characters</tags>
</char>
<char id="328550478" name="" cc_theme_id="cc2" thumbnail_url="char-default.png" copyable="Y">
<tags>cc2,_free,_cat:Stock Characters</tags>
</char>
<char id="328550441" name="" cc_theme_id="cc2" thumbnail_url="char-default.png" copyable="Y">
<tags>cc2,_free,_cat:Stock Characters</tags>
</char>
<char id="328550425" name="" cc_theme_id="cc2" thumbnail_url="char-default.png" copyable="Y">
<tags>cc2,_free,_cat:Stock Characters</tags>
</char>
<char id="328550403" name="" cc_theme_id="cc2" thumbnail_url="char-default.png" copyable="Y">
<tags>cc2,_free,_cat:Stock Characters</tags>
</char>
<char id="328550386" name="" cc_theme_id="cc2" thumbnail_url="char-default.png" copyable="Y">
<tags>cc2,_free,_cat:Stock Characters</tags>
</char>
<char id="328405298" name="" cc_theme_id="cc2" thumbnail_url="char-default.png" copyable="Y">
<tags>cc2,_free,_cat:Stock Characters</tags>
</char>
<char id="328566065" name="" cc_theme_id="cc2" thumbnail_url="char-default.png" copyable="Y">
<tags>cc2,_free,_cat:Stock Characters</tags>
</char>
<char id="328566050" name="" cc_theme_id="cc2" thumbnail_url="char-default.png" copyable="Y">
<tags>cc2,_free,_cat:Stock Characters</tags>
</char>
<char id="328566037" name="" cc_theme_id="cc2" thumbnail_url="char-default.png" copyable="Y">
<tags>cc2,_free,_cat:Stock Characters</tags>
</char>
<char id="328566029" name="" cc_theme_id="cc2" thumbnail_url="char-default.png" copyable="Y">
<tags>cc2,_free,_cat:Stock Characters</tags>
</char>
<char id="328566012" name="" cc_theme_id="cc2" thumbnail_url="char-default.png" copyable="Y">
<tags>cc2,_free,_cat:Stock Characters</tags>
</char>
<char id="328565993" name="" cc_theme_id="cc2" thumbnail_url="char-default.png" copyable="Y">
<tags>cc2,_free,_cat:Stock Characters</tags>
</char>
<char id="328565976" name="" cc_theme_id="cc2" thumbnail_url="char-default.png" copyable="Y">
<tags>cc2,_free,_cat:Stock Characters</tags>
</char>
<char id="328565971" name="" cc_theme_id="cc2" thumbnail_url="char-default.png" copyable="Y">
<tags>cc2,_free,_cat:Stock Characters</tags>
</char>
<char id="328565957" name="" cc_theme_id="cc2" thumbnail_url="char-default.png" copyable="Y">
<tags>cc2,_free,_cat:Stock Characters</tags>
</char>
<char id="328582389" name="" cc_theme_id="cc2" thumbnail_url="char-default.png" copyable="Y">
<tags>cc2,_free,_cat:Stock Characters</tags>
</char>
<char id="328582377" name="" cc_theme_id="cc2" thumbnail_url="char-default.png" copyable="Y">
<tags>cc2,_free,_cat:Stock Characters</tags>
</char>
<char id="328582371" name="" cc_theme_id="cc2" thumbnail_url="char-default.png" copyable="Y">
<tags>cc2,_free,_cat:Stock Characters</tags>
</char>
<char id="328582367" name="" cc_theme_id="cc2" thumbnail_url="char-default.png" copyable="Y">
<tags>cc2,_free,_cat:Stock Characters</tags>
</char>
<char id="328582359" name="" cc_theme_id="cc2" thumbnail_url="char-default.png" copyable="Y">
<tags>cc2,_free,_cat:Stock Characters</tags>
</char>
<char id="328582348" name="" cc_theme_id="cc2" thumbnail_url="char-default.png" copyable="Y">
<tags>cc2,_free,_cat:Stock Characters</tags>
</char>
<char id="328582338" name="" cc_theme_id="cc2" thumbnail_url="char-default.png" copyable="Y">
<tags>cc2,_free,_cat:Stock Characters</tags>
</char>
<char id="328582330" name="" cc_theme_id="cc2" thumbnail_url="char-default.png" copyable="Y">
<tags>cc2,_free,_cat:Stock Characters</tags>
</char>
<char id="328582318" name="" cc_theme_id="cc2" thumbnail_url="char-default.png" copyable="Y">
<tags>cc2,_free,_cat:Stock Characters</tags>
</char>
<char id="328582308" name="" cc_theme_id="cc2" thumbnail_url="char-default.png" copyable="Y">
<tags>cc2,_free,_cat:Stock Characters</tags>
</char>
<char id="328598789" name="" cc_theme_id="cc2" thumbnail_url="char-default.png" copyable="Y">
<tags>cc2,_free,_cat:Stock Characters</tags>
</char>
<char id="328598783" name="" cc_theme_id="cc2" thumbnail_url="char-default.png" copyable="Y">
<tags>cc2,_free,_cat:Stock Characters</tags>
</char>
<char id="328598781" name="" cc_theme_id="cc2" thumbnail_url="char-default.png" copyable="Y">
<tags>cc2,_free,_cat:Stock Characters</tags>
</char>
<char id="328598774" name="" cc_theme_id="cc2" thumbnail_url="char-default.png" copyable="Y">
<tags>cc2,_free,_cat:Stock Characters</tags>
</char>
<char id="328598760" name="" cc_theme_id="cc2" thumbnail_url="char-default.png" copyable="Y">
<tags>cc2,_free,_cat:Stock Characters</tags>
</char>
<char id="328598752" name="" cc_theme_id="cc2" thumbnail_url="char-default.png" copyable="Y">
<tags>cc2,_free,_cat:Stock Characters</tags>
</char>
<char id="328598745" name="" cc_theme_id="cc2" thumbnail_url="char-default.png" copyable="Y">
<tags>cc2,_free,_cat:Stock Characters</tags>
</char>
<char id="30311197" name="Matilda" cc_theme_id="cc2" thumbnail_url="char-default.png" copyable="Y">
	    <tags>cc2,_free,_cat:Lil Petz Characters</tags>
	</char>
    <char id="30312547" name="Broken Heart Cat" cc_theme_id="cc2" thumbnail_url="char-default.png" copyable="Y">
	    <tags>cc2,_free,_cat:Lil Petz Characters</tags>
	</char>
	<char id="30315508" name="Russell" cc_theme_id="cc2" thumbnail_url="char-default.png" copyable="Y">
	    <tags>cc2,_free,_cat:Lil Petz Characters</tags>
	</char>
	<char id="30545539" name="Magic Hat Bunny" cc_theme_id="cc2" thumbnail_url="char-default.png" copyable="Y">
	    <tags>cc2,_free,_cat:Lil Petz Characters</tags>
	</char>	
	<char id="30569218" name="Lumpkin" cc_theme_id="cc2" thumbnail_url="char-default.png" copyable="Y">
	    <tags>cc2,_free,_cat:Lil Petz Characters</tags>
	</char>	
	<char id="30569565" name="Gray Bunny" cc_theme_id="cc2" thumbnail_url="char-default.png" copyable="Y">
	    <tags>cc2,_free,_cat:Lil Petz Characters</tags>
	</char>		
	<char id="30569668" name="Sun-Glassesed Bear" cc_theme_id="cc2" thumbnail_url="char-default.png" copyable="Y">
	    <tags>cc2,_free,_cat:Lil Petz Characters</tags>
	</char>	
	<char id="30570649" name="Hairy Cat" cc_theme_id="cc2" thumbnail_url="char-default.png" copyable="Y">
	    <tags>cc2,_free,_cat:Lil Petz Characters</tags>
	</char>	
	<char id="30571621" name="Terence" cc_theme_id="cc2" thumbnail_url="char-default.png" copyable="Y">
	    <tags>cc2,_free,_cat:Lil Petz Characters</tags>
	</char>	
	<char id="30571875" name="Butcher" cc_theme_id="cc2" thumbnail_url="char-default.png" copyable="Y">
	    <tags>cc2,_free,_cat:Lil Petz Characters</tags>
	</char>		
	<char id="30572052" name="Big Foot" cc_theme_id="cc2" thumbnail_url="char-default.png" copyable="Y">
	    <tags>cc2,_free,_cat:Lil Petz Characters</tags>
	</char>
	<char id="30572536" name="Bunney" cc_theme_id="cc2" thumbnail_url="char-default.png" copyable="Y">
	    <tags>cc2,_free,_cat:Lil Petz Characters</tags>
	</char>		
	<char id="69316565" name="Bunny Mummy" cc_theme_id="cc2" thumbnail_url="char-default.png" copyable="Y">
	    <tags>cc2,_free,_cat:Lil Petz Characters</tags>
	</char>
	<char id="69317916" name="Frankiestein" cc_theme_id="cc2" thumbnail_url="char-default.png" copyable="Y">
	    <tags>cc2,_free,_cat:Lil Petz Characters</tags>
	</char>			
	<char id="69318380" name="Pumpkin" cc_theme_id="cc2" thumbnail_url="char-default.png" copyable="Y">
	    <tags>cc2,_free,_cat:Lil Petz Characters</tags>
	</char>
	<char id="69318711" name="Witch" cc_theme_id="cc2" thumbnail_url="char-default.png" copyable="Y">
	    <tags>cc2,_free,_cat:Lil Petz Characters</tags>
	</char>		
	<char id="127206026" name="Ptep" cc_theme_id="cc2" thumbnail_url="char-default.png" copyable="Y">
	    <tags>cc2,_free,_cat:Lil Petz Characters</tags>
        </char>

<char id="327688414" enc_asset_id="0a7VarDd5hfxqxVOBTmUCag" name="Untitled" cc_theme_id="cc2" thumbnail_url="https://assets.vyond.com/v1/get/fs.goanimate.com/files/thumbnails/ccthumb/2213/12656213/327688414.png?enc_type=sse_c&amp;expires=1556056636&amp;sec_key_id=2328521&amp;signature=e8edc065821bbb4ff6d386f548a5a1c41fa42fef33de0d47de3b3677d0bee1fc" copyable="Y">
<tags>cc2,_free,_cat:GoPlushy's Characters</tags>
</char>
<char id="327688405" enc_asset_id="0kuYccMXz7DzGbLd1u6tbAw" name="Untitled" cc_theme_id="cc2" thumbnail_url="https://assets.vyond.com/v1/get/fs.goanimate.com/files/thumbnails/ccthumb/2213/12656213/327688405.png?enc_type=sse_c&amp;expires=1556056636&amp;sec_key_id=2328521&amp;signature=025ac520c45ca7f3cdaa59736f147ea6046173e8f3cca754b7b22fc22c795b51" copyable="Y">
<tags>cc2,_free,_cat:GoPlushy's Characters</tags>
</char>
<char id="327688391" enc_asset_id="0oJ4MM8QJN9ItNdXDmM8OWQ" name="Untitled" cc_theme_id="cc2" thumbnail_url="https://assets.vyond.com/v1/get/fs.goanimate.com/files/thumbnails/ccthumb/2213/12656213/327688391.png?enc_type=sse_c&amp;expires=1556056636&amp;sec_key_id=2328521&amp;signature=c25c45924493fe12cdece3bb37d3b8b2e694b100c434b91dce07725e96e39d41" copyable="Y">
<tags>cc2,_free,_cat:GoPlushy's Characters</tags>
</char>
<char id="327688386" enc_asset_id="0YELbjGYAb3TZBgS1od14mg" name="Untitled" cc_theme_id="cc2" thumbnail_url="https://assets.vyond.com/v1/get/fs.goanimate.com/files/thumbnails/ccthumb/2213/12656213/327688386.png?enc_type=sse_c&amp;expires=1556056636&amp;sec_key_id=2328521&amp;signature=facdb6ef427f01935a889bf4cf845cd6d462e3765493626a0bf369253fe012a4" copyable="Y">
<tags>cc2,_free,_cat:GoPlushy's Characters</tags>
</char>
<char id="327688382" enc_asset_id="0YELbjGYAb3S5Z_k8TyB-CA" name="Untitled" cc_theme_id="cc2" thumbnail_url="https://assets.vyond.com/v1/get/fs.goanimate.com/files/thumbnails/ccthumb/2213/12656213/327688382.png?enc_type=sse_c&amp;expires=1556056636&amp;sec_key_id=2328521&amp;signature=c8bb431ec31fc8f2c15b4ee0e13d6d0dc3ca6a3924498e6ffd6ccd2dbfae7988" copyable="Y">
<tags>cc2,_free,_cat:GoPlushy's Characters</tags>
</char>
<char id="327688370" enc_asset_id="0t43XaOT-fVzMS39-jgv7mQ" name="Untitled" cc_theme_id="cc2" thumbnail_url="https://assets.vyond.com/v1/get/fs.goanimate.com/files/thumbnails/ccthumb/2213/12656213/327688370.png?enc_type=sse_c&amp;expires=1556056636&amp;sec_key_id=2328521&amp;signature=c7fd958b21d4831702dfda7db82c4c04797be31146f697309a8c6f1055823fc0" copyable="Y">
<tags>cc2,_free,_cat:GoPlushy's Characters</tags>
</char>
<char id="327688365" enc_asset_id="0gauuemXzlWDGbLd1u6tbAw" name="Untitled" cc_theme_id="cc2" thumbnail_url="https://assets.vyond.com/v1/get/fs.goanimate.com/files/thumbnails/ccthumb/2213/12656213/327688365.png?enc_type=sse_c&amp;expires=1556056636&amp;sec_key_id=2328521&amp;signature=25c99c04b12f81f03666707993a984b99947e67dec4ef4a43388422f34fe628c" copyable="Y">
<tags>cc2,_free,_cat:GoPlushy's Characters</tags>
</char>
<char id="327688352" enc_asset_id="0uiO3G3_KRHG5Z_k8TyB-CA" name="Untitled" cc_theme_id="cc2" thumbnail_url="https://assets.vyond.com/v1/get/fs.goanimate.com/files/thumbnails/ccthumb/2213/12656213/327688352.png?enc_type=sse_c&amp;expires=1556056636&amp;sec_key_id=2328521&amp;signature=a2769c0b258fc5f5dcc308001ca2e5e6625a0b59fb9ae27a4044ee052b963116" copyable="Y">
<tags>cc2,_free,_cat:GoPlushy's Characters</tags>
</char>
<char id="327688347" enc_asset_id="0uUYSWAePYziybOqn9az0aQ" name="Untitled" cc_theme_id="cc2" thumbnail_url="https://assets.vyond.com/v1/get/fs.goanimate.com/files/thumbnails/ccthumb/2213/12656213/327688347.png?enc_type=sse_c&amp;expires=1556056636&amp;sec_key_id=2328521&amp;signature=d76002763cf497b1015733dbe1fcd1c18a02f318a6d09433a83db5487f6528db" copyable="Y">
<tags>cc2,_free,_cat:GoPlushy's Characters</tags>
</char>
<char id="327688338" enc_asset_id="0UppaC10_HpRrwxStLYRCSg" name="Untitled" cc_theme_id="cc2" thumbnail_url="https://assets.vyond.com/v1/get/fs.goanimate.com/files/thumbnails/ccthumb/2213/12656213/327688338.png?enc_type=sse_c&amp;expires=1556056636&amp;sec_key_id=2328521&amp;signature=46cbca5ba0a9ad9e57bf0488e3c4324c11f1054211c589e9b91215694bd5e8d0" copyable="Y">
<tags>cc2,_free,_cat:GoPlushy's Characters</tags>
</char>
<char id="327688332" enc_asset_id="0UppaC10_HpS5Z_k8TyB-CA" name="Untitled" cc_theme_id="cc2" thumbnail_url="https://assets.vyond.com/v1/get/fs.goanimate.com/files/thumbnails/ccthumb/2213/12656213/327688332.png?enc_type=sse_c&amp;expires=1556056636&amp;sec_key_id=2328521&amp;signature=abe3dec337b849a0d0c82f27e9248c2048e5120d3e581952e8a04c64f33cb5a1" copyable="Y">
<tags>cc2,_free,_cat:GoPlushy's Characters</tags>
</char>
<char id="327688326" enc_asset_id="0l4hXEE2lwcbZBgS1od14mg" name="Untitled" cc_theme_id="cc2" thumbnail_url="https://assets.vyond.com/v1/get/fs.goanimate.com/files/thumbnails/ccthumb/2213/12656213/327688326.png?enc_type=sse_c&amp;expires=1556056636&amp;sec_key_id=2328521&amp;signature=ff0d916bc18ff274be9545ab442f1c27bff4e3b3dbd412889a25947f0fb393c3" copyable="Y">
<tags>cc2,_free,_cat:GoPlushy's Characters</tags>
</char>
<char id="327688320" enc_asset_id="0l4hXEE2lwcbMS39-jgv7mQ" name="Untitled" cc_theme_id="cc2" thumbnail_url="https://assets.vyond.com/v1/get/fs.goanimate.com/files/thumbnails/ccthumb/2213/12656213/327688320.png?enc_type=sse_c&amp;expires=1556056636&amp;sec_key_id=2328521&amp;signature=8bdc2bdd0a16f94665f29d70ba2a28e5c81bd312a5683b53b2f0a2f71ea2f9aa" copyable="Y">
<tags>cc2,_free,_cat:GoPlushy's Characters</tags>
</char>
<char id="327688310" enc_asset_id="0lzgWV9uDKO_MS39-jgv7mQ" name="Untitled" cc_theme_id="cc2" thumbnail_url="https://assets.vyond.com/v1/get/fs.goanimate.com/files/thumbnails/ccthumb/2213/12656213/327688310.png?enc_type=sse_c&amp;expires=1556056636&amp;sec_key_id=2328521&amp;signature=79e72f9564af210505f326e5af811d9a191a836af292081e53a40ce56b125b5b" copyable="Y">
<tags>cc2,_free,_cat:GoPlushy's Characters</tags>
</char>
<char id="327688302" enc_asset_id="0gQcBOZpi8gG5Z_k8TyB-CA" name="Untitled" cc_theme_id="cc2" thumbnail_url="https://assets.vyond.com/v1/get/fs.goanimate.com/files/thumbnails/ccthumb/2213/12656213/327688302.png?enc_type=sse_c&amp;expires=1556056636&amp;sec_key_id=2328521&amp;signature=9219da144c968848066892fbbe767f73a49b78c70c05ec69f6365fcf427fd471" copyable="Y">
<tags>cc2,_free,_cat:GoPlushy's Characters</tags>
</char>
<char id="327688291" enc_asset_id="0J07S4N8UJA0tNdXDmM8OWQ" name="Untitled" cc_theme_id="cc2" thumbnail_url="https://assets.vyond.com/v1/get/fs.goanimate.com/files/thumbnails/ccthumb/2213/12656213/327688291.png?enc_type=sse_c&amp;expires=1556056636&amp;sec_key_id=2328521&amp;signature=2358b3cafaff7a27d6e304f10b5237c905b86f84673922d4ebe277f79fb19bd8" copyable="Y">
<tags>cc2,_free,_cat:GoPlushy's Characters</tags>
</char>
<char id="327688277" enc_asset_id="0IaYmWRlew92ybOqn9az0aQ" name="Untitled" cc_theme_id="cc2" thumbnail_url="https://assets.vyond.com/v1/get/fs.goanimate.com/files/thumbnails/ccthumb/2213/12656213/327688277.png?enc_type=sse_c&amp;expires=1556056636&amp;sec_key_id=2328521&amp;signature=211dc0ee8b2dbe5750e75146905883b3a4a5e607f62d5182380a44d4c7809742" copyable="Y">
<tags>cc2,_free,_cat:GoPlushy's Characters</tags>
</char>
<char id="327688268" enc_asset_id="0d_R-LFkCamtrwxStLYRCSg" name="Untitled" cc_theme_id="cc2" thumbnail_url="https://assets.vyond.com/v1/get/fs.goanimate.com/files/thumbnails/ccthumb/2213/12656213/327688268.png?enc_type=sse_c&amp;expires=1556056636&amp;sec_key_id=2328521&amp;signature=e60cdeb3249a77cec4aba39df6b5c57ab571342e08631567c4b797e000030db2" copyable="Y">
<tags>cc2,_free,_cat:GoPlushy's Characters</tags>
</char>
<char id="327688255" enc_asset_id="0xOQD2ATX3cnGbLd1u6tbAw" name="Untitled" cc_theme_id="cc2" thumbnail_url="https://assets.vyond.com/v1/get/fs.goanimate.com/files/thumbnails/ccthumb/2213/12656213/327688255.png?enc_type=sse_c&amp;expires=1556056636&amp;sec_key_id=2328521&amp;signature=2efa2a3f33bba0648b708e13b36862e51b1bbcd0271a043f77c3e022e89dacb2" copyable="Y">
<tags>cc2,_free,_cat:GoPlushy's Characters</tags>
</char>
<char id="327688245" enc_asset_id="06PvdEe9BDbPGbLd1u6tbAw" name="Untitled" cc_theme_id="cc2" thumbnail_url="https://assets.vyond.com/v1/get/fs.goanimate.com/files/thumbnails/ccthumb/2213/12656213/327688245.png?enc_type=sse_c&amp;expires=1556056636&amp;sec_key_id=2328521&amp;signature=915b662ab45cb3d69449d411c16324628c368916fd4e6661bad494f0ee800d4c" copyable="Y">
<tags>cc2,_free,_cat:GoPlushy's Characters</tags>
</char>
<char id="327688221" enc_asset_id="0_iqqJ47DP6UtNdXDmM8OWQ" name="Untitled" cc_theme_id="cc2" thumbnail_url="https://assets.vyond.com/v1/get/fs.goanimate.com/files/thumbnails/ccthumb/2213/12656213/327688221.png?enc_type=sse_c&amp;expires=1556056636&amp;sec_key_id=2328521&amp;signature=399aeeb66315c89ce8707b905f7834b6ce96b063234c684ca3276e5dd95ff935" copyable="Y">
<tags>cc2,_free,_cat:GoPlushy's Characters</tags>
</char>
<char id="327688216" enc_asset_id="0pFt8DKWjQnPZBgS1od14mg" name="Untitled" cc_theme_id="cc2" thumbnail_url="https://assets.vyond.com/v1/get/fs.goanimate.com/files/thumbnails/ccthumb/2213/12656213/327688216.png?enc_type=sse_c&amp;expires=1556056636&amp;sec_key_id=2328521&amp;signature=d91cd1603e2a7ad129e533ac77ccef20a25110268acde11eef2ef012f7262045" copyable="Y">
<tags>cc2,_free,_cat:GoPlushy's Characters</tags>
</char>
<char id="327688191" enc_asset_id="0Tbk50gZaAV0tNdXDmM8OWQ" name="Untitled" cc_theme_id="cc2" thumbnail_url="https://assets.vyond.com/v1/get/fs.goanimate.com/files/thumbnails/ccthumb/2213/12656213/327688191.png?enc_type=sse_c&amp;expires=1556056636&amp;sec_key_id=2328521&amp;signature=cbd7c0c333bb08e1af81ef4add3aae422859006119acf2094cf7de3e71ed0ad6" copyable="Y">
<tags>cc2,_free,_cat:GoPlushy's Characters</tags>
</char>
<char id="327688172" enc_asset_id="0QNnjeJu8OaO5Z_k8TyB-CA" name="Untitled" cc_theme_id="cc2" thumbnail_url="https://assets.vyond.com/v1/get/fs.goanimate.com/files/thumbnails/ccthumb/2213/12656213/327688172.png?enc_type=sse_c&amp;expires=1556056636&amp;sec_key_id=2328521&amp;signature=5ea3a57e4bc6dc880f42060acdfd9a71ccf1901a9182f4aee8df73c2ba223ddb" copyable="Y">
<tags>cc2,_free,_cat:GoPlushy's Characters</tags>
</char>
<char id="177336740" enc_asset_id="0doK-UljUDiXMS39-jgv7mQ" name="Untitled" cc_theme_id="cc2" thumbnail_url="https://s3.amazonaws.com/fs.goanimate.com/files/thumbnails/ccthumb/1728/6598728/177336740.png" copyable="Y">
<tags>cc2,_free,_cat:GoPlushy's Characters</tags>
</char>
<char id="177336739" enc_asset_id="0yv7OpIHtLXAiuQ0JDOFAuw" name="Untitled" cc_theme_id="cc2" thumbnail_url="https://s3.amazonaws.com/fs.goanimate.com/files/thumbnails/ccthumb/1728/6598728/177336739.png" copyable="Y">
<tags>cc2,_free,_cat:GoPlushy's Characters</tags>
</char>
<char id="177336738" enc_asset_id="0yv7OpIHtLXBrwxStLYRCSg" name="Untitled" cc_theme_id="cc2" thumbnail_url="https://s3.amazonaws.com/fs.goanimate.com/files/thumbnails/ccthumb/1728/6598728/177336738.png" copyable="Y">
<tags>cc2,_free,_cat:GoPlushy's Characters</tags>
</char>
<char id="177336737" enc_asset_id="0yv7OpIHtLXCybOqn9az0aQ" name="Untitled" cc_theme_id="cc2" thumbnail_url="https://s3.amazonaws.com/fs.goanimate.com/files/thumbnails/ccthumb/1728/6598728/177336737.png" copyable="Y">
<tags>cc2,_free,_cat:GoPlushy's Characters</tags>
</char>
<char id="177336736" enc_asset_id="0yv7OpIHtLXDZBgS1od14mg" name="Untitled" cc_theme_id="cc2" thumbnail_url="https://s3.amazonaws.com/fs.goanimate.com/files/thumbnails/ccthumb/1728/6598728/177336736.png" copyable="Y">
<tags>cc2,_free,_cat:GoPlushy's Characters</tags>
</char>
<char id="327688414" enc_asset_id="0a7VarDd5hfxqxVOBTmUCag" name="Untitled" cc_theme_id="cc2" thumbnail_url="https://assets.vyond.com/v1/get/fs.goanimate.com/files/thumbnails/ccthumb/2213/12656213/327688414.png?enc_type=sse_c&amp;expires=1556056636&amp;sec_key_id=2328521&amp;signature=e8edc065821bbb4ff6d386f548a5a1c41fa42fef33de0d47de3b3677d0bee1fc" copyable="Y">
<tags>cc2,_free,_cat:GoPlushy's Characters</tags>
</char>
<char id="327688405" enc_asset_id="0kuYccMXz7DzGbLd1u6tbAw" name="Untitled" cc_theme_id="cc2" thumbnail_url="https://assets.vyond.com/v1/get/fs.goanimate.com/files/thumbnails/ccthumb/2213/12656213/327688405.png?enc_type=sse_c&amp;expires=1556056636&amp;sec_key_id=2328521&amp;signature=025ac520c45ca7f3cdaa59736f147ea6046173e8f3cca754b7b22fc22c795b51" copyable="Y">
<tags>cc2,_free,_cat:GoPlushy's Characters</tags>
</char>
<char id="327688391" enc_asset_id="0oJ4MM8QJN9ItNdXDmM8OWQ" name="Untitled" cc_theme_id="cc2" thumbnail_url="https://assets.vyond.com/v1/get/fs.goanimate.com/files/thumbnails/ccthumb/2213/12656213/327688391.png?enc_type=sse_c&amp;expires=1556056636&amp;sec_key_id=2328521&amp;signature=c25c45924493fe12cdece3bb37d3b8b2e694b100c434b91dce07725e96e39d41" copyable="Y">
<tags>cc2,_free,_cat:GoPlushy's Characters</tags>
</char>
<char id="327688386" enc_asset_id="0YELbjGYAb3TZBgS1od14mg" name="Untitled" cc_theme_id="cc2" thumbnail_url="https://assets.vyond.com/v1/get/fs.goanimate.com/files/thumbnails/ccthumb/2213/12656213/327688386.png?enc_type=sse_c&amp;expires=1556056636&amp;sec_key_id=2328521&amp;signature=facdb6ef427f01935a889bf4cf845cd6d462e3765493626a0bf369253fe012a4" copyable="Y">
<tags>cc2,_free,_cat:GoPlushy's Characters</tags>
</char>
<char id="327688382" enc_asset_id="0YELbjGYAb3S5Z_k8TyB-CA" name="Untitled" cc_theme_id="cc2" thumbnail_url="https://assets.vyond.com/v1/get/fs.goanimate.com/files/thumbnails/ccthumb/2213/12656213/327688382.png?enc_type=sse_c&amp;expires=1556056636&amp;sec_key_id=2328521&amp;signature=c8bb431ec31fc8f2c15b4ee0e13d6d0dc3ca6a3924498e6ffd6ccd2dbfae7988" copyable="Y">
<tags>cc2,_free,_cat:GoPlushy's Characters</tags>
</char>
<char id="327688370" enc_asset_id="0t43XaOT-fVzMS39-jgv7mQ" name="Untitled" cc_theme_id="cc2" thumbnail_url="https://assets.vyond.com/v1/get/fs.goanimate.com/files/thumbnails/ccthumb/2213/12656213/327688370.png?enc_type=sse_c&amp;expires=1556056636&amp;sec_key_id=2328521&amp;signature=c7fd958b21d4831702dfda7db82c4c04797be31146f697309a8c6f1055823fc0" copyable="Y">
<tags>cc2,_free,_cat:GoPlushy's Characters</tags>
</char>
<char id="327688365" enc_asset_id="0gauuemXzlWDGbLd1u6tbAw" name="Untitled" cc_theme_id="cc2" thumbnail_url="https://assets.vyond.com/v1/get/fs.goanimate.com/files/thumbnails/ccthumb/2213/12656213/327688365.png?enc_type=sse_c&amp;expires=1556056636&amp;sec_key_id=2328521&amp;signature=25c99c04b12f81f03666707993a984b99947e67dec4ef4a43388422f34fe628c" copyable="Y">
<tags>cc2,_free,_cat:GoPlushy's Characters</tags>
</char>
<char id="327688352" enc_asset_id="0uiO3G3_KRHG5Z_k8TyB-CA" name="Untitled" cc_theme_id="cc2" thumbnail_url="https://assets.vyond.com/v1/get/fs.goanimate.com/files/thumbnails/ccthumb/2213/12656213/327688352.png?enc_type=sse_c&amp;expires=1556056636&amp;sec_key_id=2328521&amp;signature=a2769c0b258fc5f5dcc308001ca2e5e6625a0b59fb9ae27a4044ee052b963116" copyable="Y">
<tags>cc2,_free,_cat:GoPlushy's Characters</tags>
</char>
<char id="327688347" enc_asset_id="0uUYSWAePYziybOqn9az0aQ" name="Untitled" cc_theme_id="cc2" thumbnail_url="https://assets.vyond.com/v1/get/fs.goanimate.com/files/thumbnails/ccthumb/2213/12656213/327688347.png?enc_type=sse_c&amp;expires=1556056636&amp;sec_key_id=2328521&amp;signature=d76002763cf497b1015733dbe1fcd1c18a02f318a6d09433a83db5487f6528db" copyable="Y">
<tags>cc2,_free,_cat:GoPlushy's Characters</tags>
</char>
<char id="327688338" enc_asset_id="0UppaC10_HpRrwxStLYRCSg" name="Untitled" cc_theme_id="cc2" thumbnail_url="https://assets.vyond.com/v1/get/fs.goanimate.com/files/thumbnails/ccthumb/2213/12656213/327688338.png?enc_type=sse_c&amp;expires=1556056636&amp;sec_key_id=2328521&amp;signature=46cbca5ba0a9ad9e57bf0488e3c4324c11f1054211c589e9b91215694bd5e8d0" copyable="Y">
<tags>cc2,_free,_cat:GoPlushy's Characters</tags>
</char>
<char id="327688332" enc_asset_id="0UppaC10_HpS5Z_k8TyB-CA" name="Untitled" cc_theme_id="cc2" thumbnail_url="https://assets.vyond.com/v1/get/fs.goanimate.com/files/thumbnails/ccthumb/2213/12656213/327688332.png?enc_type=sse_c&amp;expires=1556056636&amp;sec_key_id=2328521&amp;signature=abe3dec337b849a0d0c82f27e9248c2048e5120d3e581952e8a04c64f33cb5a1" copyable="Y">
<tags>cc2,_free,_cat:GoPlushy's Characters</tags>
</char>
<char id="327688326" enc_asset_id="0l4hXEE2lwcbZBgS1od14mg" name="Untitled" cc_theme_id="cc2" thumbnail_url="https://assets.vyond.com/v1/get/fs.goanimate.com/files/thumbnails/ccthumb/2213/12656213/327688326.png?enc_type=sse_c&amp;expires=1556056636&amp;sec_key_id=2328521&amp;signature=ff0d916bc18ff274be9545ab442f1c27bff4e3b3dbd412889a25947f0fb393c3" copyable="Y">
<tags>cc2,_free,_cat:GoPlushy's Characters</tags>
</char>
<char id="327688320" enc_asset_id="0l4hXEE2lwcbMS39-jgv7mQ" name="Untitled" cc_theme_id="cc2" thumbnail_url="https://assets.vyond.com/v1/get/fs.goanimate.com/files/thumbnails/ccthumb/2213/12656213/327688320.png?enc_type=sse_c&amp;expires=1556056636&amp;sec_key_id=2328521&amp;signature=8bdc2bdd0a16f94665f29d70ba2a28e5c81bd312a5683b53b2f0a2f71ea2f9aa" copyable="Y">
<tags>cc2,_free,_cat:GoPlushy's Characters</tags>
</char>
<char id="327688310" enc_asset_id="0lzgWV9uDKO_MS39-jgv7mQ" name="Untitled" cc_theme_id="cc2" thumbnail_url="https://assets.vyond.com/v1/get/fs.goanimate.com/files/thumbnails/ccthumb/2213/12656213/327688310.png?enc_type=sse_c&amp;expires=1556056636&amp;sec_key_id=2328521&amp;signature=79e72f9564af210505f326e5af811d9a191a836af292081e53a40ce56b125b5b" copyable="Y">
<tags>cc2,_free,_cat:GoPlushy's Characters</tags>
</char>
<char id="327688302" enc_asset_id="0gQcBOZpi8gG5Z_k8TyB-CA" name="Untitled" cc_theme_id="cc2" thumbnail_url="https://assets.vyond.com/v1/get/fs.goanimate.com/files/thumbnails/ccthumb/2213/12656213/327688302.png?enc_type=sse_c&amp;expires=1556056636&amp;sec_key_id=2328521&amp;signature=9219da144c968848066892fbbe767f73a49b78c70c05ec69f6365fcf427fd471" copyable="Y">
<tags>cc2,_free,_cat:GoPlushy's Characters</tags>
</char>
<char id="327688291" enc_asset_id="0J07S4N8UJA0tNdXDmM8OWQ" name="Untitled" cc_theme_id="cc2" thumbnail_url="https://assets.vyond.com/v1/get/fs.goanimate.com/files/thumbnails/ccthumb/2213/12656213/327688291.png?enc_type=sse_c&amp;expires=1556056636&amp;sec_key_id=2328521&amp;signature=2358b3cafaff7a27d6e304f10b5237c905b86f84673922d4ebe277f79fb19bd8" copyable="Y">
<tags>cc2,_free,_cat:GoPlushy's Characters</tags>
</char>
<char id="327688277" enc_asset_id="0IaYmWRlew92ybOqn9az0aQ" name="Untitled" cc_theme_id="cc2" thumbnail_url="https://assets.vyond.com/v1/get/fs.goanimate.com/files/thumbnails/ccthumb/2213/12656213/327688277.png?enc_type=sse_c&amp;expires=1556056636&amp;sec_key_id=2328521&amp;signature=211dc0ee8b2dbe5750e75146905883b3a4a5e607f62d5182380a44d4c7809742" copyable="Y">
<tags>cc2,_free,_cat:GoPlushy's Characters</tags>
</char>
<char id="327688268" enc_asset_id="0d_R-LFkCamtrwxStLYRCSg" name="Untitled" cc_theme_id="cc2" thumbnail_url="https://assets.vyond.com/v1/get/fs.goanimate.com/files/thumbnails/ccthumb/2213/12656213/327688268.png?enc_type=sse_c&amp;expires=1556056636&amp;sec_key_id=2328521&amp;signature=e60cdeb3249a77cec4aba39df6b5c57ab571342e08631567c4b797e000030db2" copyable="Y">
<tags>cc2,_free,_cat:GoPlushy's Characters</tags>
</char>
<char id="327688255" enc_asset_id="0xOQD2ATX3cnGbLd1u6tbAw" name="Untitled" cc_theme_id="cc2" thumbnail_url="https://assets.vyond.com/v1/get/fs.goanimate.com/files/thumbnails/ccthumb/2213/12656213/327688255.png?enc_type=sse_c&amp;expires=1556056636&amp;sec_key_id=2328521&amp;signature=2efa2a3f33bba0648b708e13b36862e51b1bbcd0271a043f77c3e022e89dacb2" copyable="Y">
<tags>cc2,_free,_cat:GoPlushy's Characters</tags>
</char>
<char id="327688245" enc_asset_id="06PvdEe9BDbPGbLd1u6tbAw" name="Untitled" cc_theme_id="cc2" thumbnail_url="https://assets.vyond.com/v1/get/fs.goanimate.com/files/thumbnails/ccthumb/2213/12656213/327688245.png?enc_type=sse_c&amp;expires=1556056636&amp;sec_key_id=2328521&amp;signature=915b662ab45cb3d69449d411c16324628c368916fd4e6661bad494f0ee800d4c" copyable="Y">
<tags>cc2,_free,_cat:GoPlushy's Characters</tags>
</char>
<char id="327688221" enc_asset_id="0_iqqJ47DP6UtNdXDmM8OWQ" name="Untitled" cc_theme_id="cc2" thumbnail_url="https://assets.vyond.com/v1/get/fs.goanimate.com/files/thumbnails/ccthumb/2213/12656213/327688221.png?enc_type=sse_c&amp;expires=1556056636&amp;sec_key_id=2328521&amp;signature=399aeeb66315c89ce8707b905f7834b6ce96b063234c684ca3276e5dd95ff935" copyable="Y">
<tags>cc2,_free,_cat:GoPlushy's Characters</tags>
</char>
<char id="327688216" enc_asset_id="0pFt8DKWjQnPZBgS1od14mg" name="Untitled" cc_theme_id="cc2" thumbnail_url="https://assets.vyond.com/v1/get/fs.goanimate.com/files/thumbnails/ccthumb/2213/12656213/327688216.png?enc_type=sse_c&amp;expires=1556056636&amp;sec_key_id=2328521&amp;signature=d91cd1603e2a7ad129e533ac77ccef20a25110268acde11eef2ef012f7262045" copyable="Y">
<tags>cc2,_free,_cat:GoPlushy's Characters</tags>
</char>
<char id="327688191" enc_asset_id="0Tbk50gZaAV0tNdXDmM8OWQ" name="Untitled" cc_theme_id="cc2" thumbnail_url="https://assets.vyond.com/v1/get/fs.goanimate.com/files/thumbnails/ccthumb/2213/12656213/327688191.png?enc_type=sse_c&amp;expires=1556056636&amp;sec_key_id=2328521&amp;signature=cbd7c0c333bb08e1af81ef4add3aae422859006119acf2094cf7de3e71ed0ad6" copyable="Y">
<tags>cc2,_free,_cat:GoPlushy's Characters</tags>
</char>
<char id="327688172" enc_asset_id="0QNnjeJu8OaO5Z_k8TyB-CA" name="Untitled" cc_theme_id="cc2" thumbnail_url="https://assets.vyond.com/v1/get/fs.goanimate.com/files/thumbnails/ccthumb/2213/12656213/327688172.png?enc_type=sse_c&amp;expires=1556056636&amp;sec_key_id=2328521&amp;signature=5ea3a57e4bc6dc880f42060acdfd9a71ccf1901a9182f4aee8df73c2ba223ddb" copyable="Y">
<tags>cc2,_free,_cat:GoPlushy's Characters</tags>
</char>
<char id="177336740" enc_asset_id="0doK-UljUDiXMS39-jgv7mQ" name="Untitled" cc_theme_id="cc2" thumbnail_url="https://s3.amazonaws.com/fs.goanimate.com/files/thumbnails/ccthumb/1728/6598728/177336740.png" copyable="Y">
<tags>cc2,_free,_cat:GoPlushy's Characters</tags>
</char>
<char id="177336739" enc_asset_id="0yv7OpIHtLXAiuQ0JDOFAuw" name="Untitled" cc_theme_id="cc2" thumbnail_url="https://s3.amazonaws.com/fs.goanimate.com/files/thumbnails/ccthumb/1728/6598728/177336739.png" copyable="Y">
<tags>cc2,_free,_cat:GoPlushy's Characters</tags>
</char>
<char id="177336738" enc_asset_id="0yv7OpIHtLXBrwxStLYRCSg" name="Untitled" cc_theme_id="cc2" thumbnail_url="https://s3.amazonaws.com/fs.goanimate.com/files/thumbnails/ccthumb/1728/6598728/177336738.png" copyable="Y">
<tags>cc2,_free,_cat:GoPlushy's Characters</tags>
</char>
<char id="177336737" enc_asset_id="0yv7OpIHtLXCybOqn9az0aQ" name="Untitled" cc_theme_id="cc2" thumbnail_url="https://s3.amazonaws.com/fs.goanimate.com/files/thumbnails/ccthumb/1728/6598728/177336737.png" copyable="Y">
<tags>cc2,_free,_cat:GoPlushy's Characters</tags>
</char>
<char id="177336736" enc_asset_id="0yv7OpIHtLXDZBgS1od14mg" name="Untitled" cc_theme_id="cc2" thumbnail_url="https://s3.amazonaws.com/fs.goanimate.com/files/thumbnails/ccthumb/1728/6598728/177336736.png" copyable="Y">
<tags>cc2,_free,_cat:GoPlushy's Characters</tags>
</char>

</theme>
