<?xml version="1.0" encoding="utf-8"?>
<theme id="commu" name="Community">
<char id="knucks" name="Knuckles" thumb="knucks.swf" facing="left" default="knucks.swf" motion="knuckwalk.swf" enable="Y">
<action id="knucks.swf" name="Stand" loop="Y" totalframe="3"/>
<motion id="knuckswalk.swf" name="Walk" loop="Y" totalframe="3"/>
<motion id="knuckspin.swf" name="Spinball" loop="Y" totalframe="3"/>
<action id="knuckspindash.swf" name="Spindash" loop="Y" totalframe="3"/>
<action id="knuckspindashnodust.swf" name="Spindash (No Dust)" loop="Y" totalframe="3"/>
</char>
<char id="tails" name="Tails" thumb="stand.swf" facing="left" default="stand.swf" motion="fly.swf" enable="Y">
<action id="stand.swf" name="Stand" loop="Y" totalframe="3"/>
<motion id="fly.swf" name="Fly" loop="Y" totalframe="3"/>
</char>
<char id="bamboo" name="Bamboo" thumb="stand.swf" facing="left" default="stand.swf" motion="walk.swf" enable="Y">
<action id="stand.swf" name="Stand" loop="Y" totalframe="3"/>
<action id="talk.swf" name="Talk" loop="Y" totalframe="3"/>
<action id="sit.swf" name="Sit" loop="Y" totalframe="3"/>
<action id="sit_talk.swf" name="Sit Talk" loop="Y" totalframe="3"/>
<motion id="walk.swf" name="Walk" loop="Y" totalframe="3"/>
</char>
<char id="2179798" name="Wolfman By ChaosToons" thumb="2179814.swf" facing="left" default="2179814.swf" motion="2179826.swf" enable="Y">
<action id="2179814.swf" name="Stand" loop="Y" totalframe="3"/>
<action id="2179815.swf" name="Howl Standing" loop="Y" totalframe="3"/>
<action id="2179820.swf" name="Howl Standing Dark" loop="Y" totalframe="3"/>
<action id="2179813.swf" name="Dramatic Jaw Open" loop="Y" totalframe="3"/>
<action id="2179809.swf" name="Eye Squint" loop="Y" totalframe="3"/>
<action id="2179806.swf" name="Howl All Fours" loop="Y" totalframe="3"/>
<action id="2179808.swf" name="Howl All Fours Dark" loop="Y" totalframe="3"/>
<action id="2179804.swf" name="Scary Look" loop="Y" totalframe="3"/>
<action id="2179803.swf" name="Look Over Shoulder" loop="Y" totalframe="3"/>
<action id="2179802.swf" name="Back Breathing" loop="Y" totalframe="3"/>
<action id="2179800.swf" name="Wolf Step Forward" loop="Y" totalframe="3"/>
<motion id="2179810.swf" name="Running" loop="Y" totalframe="3"/>
<motion id="2179812.swf" name="Running Dark" loop="Y" totalframe="3"/>
<motion id="2179826.swf" name="Walk" loop="Y" totalframe="3"/>
</char>
<char id="ios" name="IOS" thumb="ios.swf" facing="left" default="ios.swf" motion="ios.swf" enable="Y" is_premium="N" aid="237" money="0" sharing="0">
    <action aid="6928" enable="Y" name="Be a phone" id="ios.swf" totalframe="1" loop="Y"/>
  </char>
  <char id="android" name="Android" thumb="android.swf" facing="left" default="android.swf" motion="android.swf" enable="Y" is_premium="N" aid="237" money="0" sharing="0">
    <action aid="6928" enable="Y" name="Be a phone" id="android.swf" totalframe="1" loop="Y"/>
  </char>
<char id="sonicflash" name="Sonic the Hedgehog" thumb="stand.swf" facing="left" default="stand.swf" motion="runalt2.swf" enable="Y">
<action id="chilidog.swf" name="Eat a Chilidog" loop="N" totalframe="3"/>
<category name="Motion">
<motion id="run.swf" name="Run" loop="Y" totalframe="16"/>
<motion id="alsorun.swf" name="Walk" loop="Y" totalframe="18"/>
<motion id="runalt2.swf" name="Run Alt." loop="Y" totalframe="20"/>
<action id="intospinball.swf" name="Into spinball" loop="N" totalframe="44"/>
<motion id="spinball.swf" name="Spinball" loop="Y" totalframe="44"/>
<action id="spindash.swf" name="Spindash" loop="Y" totalframe="44"/>
<action id="spindashnodust.swf" name="Spindash (No Dust)" loop="Y" totalframe="44"/>
<action id="takeoff.swf" name="Take off!" loop="N" totalframe="44"/>
<action id="quickertakeoff.swf" name="Take off! (Faster)" loop="N" totalframe="44"/>
<action id="skid.swf" name="Skid" loop="N" totalframe="44"/>
</category>
<action id="stand.swf" name="Stand" loop="Y" totalframe="2"/>
<category name="Fight">
<action id="kick.swf" name="Kick" loop="Y" totalframe="4"/>
<action id="punch.swf" name="Punch" loop="Y" totalframe="44"/>
</category>
<category name="Emotions">
<action id="idle.swf" name="Waiting..." loop="Y" totalframe="4"/>
<action id="talk.swf" name="Talk" loop="Y" totalframe="4"/>
<action id="angrytalk.swf" name="Talk Angry" loop="Y" totalframe="80"/>
<action id="laugh.swf" name="Laugh" loop="Y" totalframe="70"/>
<action id="victory.swf" name="Victory Pose" loop="N" totalframe="44"/>
<action id="taunt.swf" name="Taunt" loop="Y" totalframe="44"/>
</category>
<category name="Super Sonic">
<action id="transform.swf" name="Transform" loop="N" totalframe="45"/>
<action id="supermove.swf" name="Hover" loop="Y" totalframe="45"/>
<action id="backtonormal.swf" name="Revert" loop="Y" totalframe="44"/>
</category>
</char>
  <char id="happybunny" name="Happy Bunny" thumb="stand.swf" facing="left" default="stand.swf" motion="move.swf" enable="Y" is_premium="N" aid="237" money="0" sharing="0">
    <action id="stand.swf" name="Stand" loop="Y" totalframe="1" enable="Y" aid="238"/>
    <motion id="move.swf" name="Walk" loop="Y" totalframe="1" enable="Y" aid="239"/>
    <action id="guitar.swf" name="Play guitar" loop="Y" totalframe="1" enable="Y" aid="240"/>
    <action id="butt.swf" name="Show behind" loop="Y" totalframe="1" enable="Y" aid="241"/>
    <action id="toot.swf" name="Fart" loop="Y" totalframe="1" enable="Y" aid="242"/>
    <action id="unkown.swf" name="Hammer" loop="Y" totalframe="1" enable="Y" aid="243"/>
    <action id="pleased.swf" name="Amused" loop="Y" totalframe="1" enable="Y" aid="244"/>
    <action id="dance.swf" name="Dance" loop="Y" totalframe="1" enable="Y" aid="245"/>
    <action id="taunt.swf" name="Taunt" loop="Y" totalframe="1" enable="Y" aid="246"/>
    <action id="altbutt.swf" name="Spraypaint" loop="Y" totalframe="1" enable="Y" aid="247"/>
  </char>
  <char id="gipsy" name="Gipsy" thumb="walk.swf" facing="left" default="laugh.swf" motion="walk.swf" enable="Y" is_premium="N" aid="237" money="0" sharing="0">
    <action id="laugh.swf" name="Laugh" loop="Y" totalframe="1" enable="Y" aid="238"/>
    <motion id="walk.swf" name="Walk" loop="Y" totalframe="1" enable="Y" aid="239"/>
    <action id="drool.swf" name="Drool" loop="Y" totalframe="1" enable="Y" aid="240"/>
    <action id="hit.swf" name="Get hit" loop="Y" totalframe="1" enable="Y" aid="241"/>
    <motion id="hop.swf" name="Hop" loop="Y" totalframe="1" enable="Y" aid="242"/>
    <action id="back.swf" name="Gipsy from Back" loop="Y" totalframe="1" enable="Y" aid="243"/>
    <action id="pant.swf" name="Pant" loop="Y" totalframe="1" enable="Y" aid="244"/>
    <action id="talk.swf" name="Talk" loop="Y" totalframe="1" enable="Y" aid="245"/>
  </char>

<char sharing="0" money="0" aid="6055" is_premium="N" enable="Y" motion="walk.swf" default="standing.swf" facing="left" thumb="standing.swf" name="Happy Bunny2" id="happy_bunny">
<category name="cover">
<action aid="6058" enable="Y" name="ears" id="hands_to_ear.swf" totalframe="24" loop="Y"/>
<action aid="6059" enable="Y" name="nose" id="hands_to_nose.swf" totalframe="70" loop="Y"/>
<action aid="6060" enable="Y" name="mouth" id="hands_to_mouth.swf" totalframe="30" loop="Y"/>
</category>
<category name="emotion">
<action aid="6061" enable="Y" name="angry" id="angry.swf" totalframe="23" loop="Y"/>
<action aid="6062" enable="Y" name="happy" id="happy.swf" totalframe="19" loop="Y"/>
<action aid="6063" enable="Y" name="sad" id="sad.swf" totalframe="55" loop="Y"/>
<action aid="6064" enable="Y" name="cry" id="cry.swf" totalframe="60" loop="Y"/>
<action aid="6065" enable="Y" name="thinking" id="thinking.swf" totalframe="100" loop="Y"/>
<action aid="6066" enable="Y" name="surprised" id="surprised.swf" totalframe="40" loop="Y"/>
<action aid="6067" enable="Y" name="embarrassed" id="embarrassed.swf" totalframe="100" loop="Y"/>
<action aid="6068" enable="Y" name="laughing" id="laughing.swf" totalframe="6" loop="Y"/>
</category>
<category name="fight">
<action aid="6069" enable="Y" name="threaten with knife" id="threaten_with_knife.swf" totalframe="90" loop="Y"/>
<action aid="6070" enable="Y" name="hit with hammer" id="hit_with_hammer.swf" totalframe="40" loop="Y"/>
<action aid="6071" enable="Y" name="throw objects" id="throw.swf" totalframe="100" loop="Y"/>
<action aid="6072" enable="Y" name="knocked out" id="knocked_out.swf" totalframe="1" loop="Y"/>
<action aid="6073" enable="Y" name="get hit" id="get_hit.swf" totalframe="100" loop="Y"/>
</category>
<category name="misbehave">
<action aid="6074" enable="Y" name="fart" id="fart.swf" totalframe="50" loop="Y"/>
<action aid="6075" enable="Y" name="tag wall" id="tag_wall.swf" totalframe="126" loop="Y"/>
<action aid="6076" enable="Y" name="wear restraints" id="wear_restraints.swf" totalframe="78" loop="Y"/>
<action aid="6077" enable="Y" name="show butt" id="show_butt.swf" totalframe="8" loop="Y"/>
<action aid="6078" enable="Y" name="burp" id="burp.swf" totalframe="75" loop="Y"/>
<action aid="6079" enable="Y" name="throw up" id="throw_up.swf" totalframe="26" loop="Y"/>
</category>
<action aid="6056" enable="Y" name="standing" id="standing.swf" totalframe="1" loop="Y"/>
<motion aid="6057" enable="Y" name="walk" id="walk.swf" totalframe="12" loop="Y"/>
<action aid="6080" enable="Y" name="write" id="write.swf" totalframe="26" loop="Y"/>
<action aid="6081" enable="Y" name="make fun of" id="make_fun_of.swf" totalframe="37" loop="Y"/>
<action aid="6082" enable="Y" name="point at" id="point_at.swf" totalframe="30" loop="Y"/>
<action aid="6083" enable="Y" name="laugh at" id="laugh_at.swf" totalframe="7" loop="Y"/>
<action aid="6084" enable="Y" name="dance" id="dance.swf" totalframe="97" loop="Y"/>
<action aid="6085" enable="Y" name="play guitar" id="guitar.swf" totalframe="84" loop="Y"/>
<action aid="6086" enable="Y" name="sitting" id="sitting.swf" totalframe="1" loop="Y"/>
<action aid="6087" enable="Y" name="talk" id="talk.swf" totalframe="100" loop="Y"/>
<motion aid="6088" enable="Y" name="run" id="run.swf" totalframe="20" loop="Y"/>
<motion aid="6089" enable="Y" name="hop" id="hop.swf" totalframe="21" loop="Y"/>
<facial aid="6090" enable="Y" name="happy" id="head_happy.swf"/>
<facial aid="6091" enable="Y" name="angry" id="head_angry.swf"/>
<facial aid="6092" enable="Y" name="sad" id="head_sad.swf"/>
<facial aid="6093" enable="Y" name="cry" id="head_cry.swf"/>
<facial aid="6094" enable="Y" name="thinking" id="head_thinking.swf"/>
<facial aid="6095" enable="Y" name="shocked" id="head_shocked.swf"/>
<facial aid="6096" enable="Y" name="scared" id="head_scared.swf"/>
<facial aid="6097" enable="Y" name="laughing" id="head_laugh.swf"/>
<facial aid="6098" enable="Y" name="stick out tongue" id="head_stick_out_tongue.swf"/>
<facial aid="6099" enable="Y" name="evil look" id="head_evil_look.swf"/>
<facial aid="6100" enable="Y" name="knocked out" id="head_knocked_out.swf"/>
<facial aid="6101" enable="Y" name="sleeping" id="head_sleeping.swf"/>
<facial aid="6102" enable="Y" name="talk" id="head_talk.swf"/>
<facial aid="6103" enable="Y" name="talk angry" id="head_talk_angry.swf"/>
<facial aid="6104" enable="Y" name="talk happy" id="head_talk_happy.swf"/>
<action aid="6926" enable="Y" name="use slingshot" id="slingshot.swf" totalframe="38" loop="Y"/>
<action aid="6927" enable="Y" name="catch butterfly" id="catch_butterfly.swf" totalframe="91" loop="Y"/>
<action aid="6928" enable="Y" name="falling" id="falling.swf" totalframe="19" loop="Y"/>
<facial aid="8493" enable="Y" name="neutral" id="head_neutral.swf"/>

<colorset aid="6105" enable="Y">

<color r="hbskin">0xFFFFFF</color>

<color r="hbeye">0x006AB6</color>

<color r="hbnose">0xF175AD</color>

<color r="hbthumb">0xF175AD</color>

<color r="hbbelly">0xF8BDD7</color>

</colorset>


<colorset aid="6106" enable="Y">

<color r="hbskin">0xED1A29</color>

<color r="hbeye">0x000000</color>

<color r="hbnose">0x000000</color>

<color r="hbthumb">0xF176AD</color>

<color r="hbbelly">0xFFFFFF</color>

</colorset>


<colorset aid="6107" enable="Y">

<color r="hbskin">0xFFF200</color>

<color r="hbeye">0x000000</color>

<color r="hbnose">0xF175AD</color>

<color r="hbthumb">0xF176AD</color>

<color r="hbbelly">0xFFFFFF</color>

</colorset>


<colorset aid="6108" enable="Y">

<color r="hbskin">0x000000</color>

<color r="hbeye">0xEE1A24</color>

<color r="hbnose">0xF275AC</color>

<color r="hbthumb">0x000000</color>

<color r="hbbelly">0xEE1A24</color>

</colorset>


<colorset aid="6109" enable="Y">

<color r="hbskin">0xC39FCA</color>

<color r="hbeye">0x000000</color>

<color r="hbnose">0xE4028C</color>

<color r="hbthumb">0xE4028C</color>

<color r="hbbelly">0xFFFFFF</color>

</colorset>


<colorset aid="6110" enable="Y">

<color r="hbskin">0x00ADEF</color>

<color r="hbeye">0x000000</color>

<color r="hbnose">0xF173AD</color>

<color r="hbthumb">0xF176AD</color>

<color r="hbbelly">0xFFFFFF</color>

</colorset>


<colorset aid="6111" enable="Y">

<color r="hbskin">0xFAD1E3</color>

<color r="hbeye">0x000000</color>

<color r="hbnose">0xF173AD</color>

<color r="hbthumb">0xF176AD</color>

<color r="hbbelly">0xFFFFFF</color>

</colorset>


<c_parts>

<c_area>hbskin</c_area>

<c_area>hbeye</c_area>

<c_area>hbnose</c_area>

<c_area>hbthumb</c_area>

<c_area>hbbelly</c_area>

</c_parts>
</char>

<char id="guy01" name="Alpha Tom" thumb="stand01.swf" facing="left" default="stand01.swf" motion="walk.swf" enable="Y" is_premium="N" aid="15706" money="0" sharing="0">
<action id="stand01.swf" name="Stand" loop="Y" totalframe="60" enable="Y" aid="15707"/>
<action id="confused.swf" name="Confused" loop="Y" totalframe="60" enable="Y" aid="15708"/>
<action id="cross_arm.swf" name="Cross Arm" loop="Y" totalframe="60" enable="Y" aid="15709"/>
<action id="desperate.swf" name="Desperate" loop="Y" totalframe="60" enable="Y" aid="15710"/>
<action id="excited.swf" name="Excited" loop="Y" totalframe="60" enable="Y" aid="15711"/>
<action id="hello.swf" name="Greeting" loop="Y" totalframe="60" enable="Y" aid="15712"/>
<action id="idea.swf" name="Get an idea" loop="N" totalframe="60" enable="Y" aid="15713"/>
<action id="phone_a.swf" name="Tap on phone" loop="Y" totalframe="60" enable="Y" aid="15714"/>
<action id="phone_b.swf" name="Holding phone" loop="Y" totalframe="60" enable="Y" aid="15715"/>
<action id="phone_c.swf" name="Talk on phone" loop="Y" totalframe="60" enable="Y" aid="15716"/>
<action id="point_a.swf" name="Point A" loop="Y" totalframe="60" enable="Y" aid="15717"/>
<action id="point_b.swf" name="Point B" loop="Y" totalframe="60" enable="Y" aid="15718"/>
<action id="pose_a.swf" name="Pose A" loop="Y" totalframe="60" enable="Y" aid="15719"/>
<action id="pose_b.swf" name="Pose B" loop="Y" totalframe="60" enable="Y" aid="15720"/>
<action id="relax.swf" name="Relax" loop="Y" totalframe="60" enable="Y" aid="15721"/>
<action id="sick.swf" name="Sick" loop="Y" totalframe="60" enable="Y" aid="15722"/>
<action id="sit.swf" name="Sit" loop="Y" totalframe="60" enable="Y" aid="15723"/>
<action id="stand02.swf" name="Posing" loop="Y" totalframe="60" enable="Y" aid="15724"/>
<action id="talk.swf" name="Talk" loop="Y" totalframe="60" enable="Y" aid="15725"/>
<action id="thinking.swf" name="Thinking" loop="Y" totalframe="60" enable="Y" aid="15726"/>
<action id="time.swf" name="Look at watch" loop="Y" totalframe="60" enable="Y" aid="15727"/>
<action id="work01.swf" name="Work" loop="Y" totalframe="60" enable="Y" aid="15728"/>
<action id="work02.swf" name="Work cleared" loop="Y" totalframe="60" enable="Y" aid="15729"/>
<action id="sleep.swf" name="Tired" loop="Y" totalframe="60" enable="Y" aid="15730"/>
<action id="in_love.swf" name="Fall in love" loop="Y" totalframe="60" enable="Y" aid="15731"/>
<action id="get_noticed.swf" name="Get attention" loop="Y" totalframe="60" enable="Y" aid="15732"/>
<motion id="walk.swf" name="Walk" loop="Y" totalframe="60" enable="Y" aid="15733"/>
<motion id="run.swf" name="Run" loop="Y" totalframe="60" enable="Y" aid="15734"/>
<facial id="head_angry_front.swf" name="Face Camera - Angry" enable="Y" aid="15735"/>
<facial id="head_confused_front.swf" name="Face Camera - Confused" enable="Y" aid="15736"/>
<facial id="head_cry_front.swf" name="Face Camera - Cry" enable="Y" aid="15737"/>
<facial id="head_happy_front.swf" name="Face Camera - Happy" enable="Y" aid="15738"/>
<facial id="head_neutral_front.swf" name="Face Camera - Neutral" enable="Y" aid="15739"/>
<facial id="head_sad_front.swf" name="Face Camera - Sad" enable="Y" aid="15740"/>
<facial id="head_sick_front.swf" name="Face Camera - Sick" enable="Y" aid="15741"/>
<facial id="head_talk_front.swf" name="Face Camera - Talk" enable="Y" aid="15742"/>
<facial id="head_angry_side.swf" name="3/4 Front View - Angry" enable="Y" aid="15743"/>
<facial id="head_confused_side.swf" name="3/4 Front View - Confused" enable="Y" aid="15744"/>
<facial id="head_cry_side.swf" name="3/4 Front View - Cry" enable="Y" aid="15745"/>
<facial id="head_happy_side.swf" name="3/4 Front View - Happy" enable="Y" aid="15746"/>
<facial id="head_neutral_side.swf" name="3/4 Front View - Neutral" enable="Y" aid="15747"/>
<facial id="head_sad_side.swf" name="3/4 Front View - Sad" enable="Y" aid="15748"/>
<facial id="head_sick_side.swf" name="3/4 Front View - Sick" enable="Y" aid="15749"/>
<facial id="head_talk_side.swf" name="3/4 Front View - Talk" enable="Y" aid="15750"/>
<library type="mouth" path="001" theme_id="business"/>
</char>
<char id="guy18" name="Beta Tom" thumb="stand01.swf" facing="left" default="stand01.swf" motion="walk.swf" enable="Y" is_premium="N" aid="16530" money="0" sharing="0">
<action id="stand01.swf" name="Stand" loop="Y" totalframe="60" enable="Y" aid="16531"/>
<action id="confused.swf" name="Confused" loop="Y" totalframe="60" enable="Y" aid="16532"/>
<action id="cross_arm.swf" name="Cross Arm" loop="Y" totalframe="60" enable="Y" aid="16533"/>
<action id="desperate.swf" name="Desperate" loop="Y" totalframe="60" enable="Y" aid="16534"/>
<action id="excited.swf" name="Excited" loop="Y" totalframe="60" enable="Y" aid="16535"/>
<action id="hello.swf" name="Greeting" loop="Y" totalframe="60" enable="Y" aid="16536"/>
<action id="idea.swf" name="Get an idea" loop="N" totalframe="60" enable="Y" aid="16537"/>
<action id="phone_a.swf" name="Tap on phone" loop="Y" totalframe="60" enable="Y" aid="16538"/>
<action id="phone_b.swf" name="Holding phone" loop="Y" totalframe="60" enable="Y" aid="16539"/>
<action id="phone_c.swf" name="Talk on phone" loop="Y" totalframe="60" enable="Y" aid="16540"/>
<action id="point_a.swf" name="Point A" loop="Y" totalframe="60" enable="Y" aid="16541"/>
<action id="point_b.swf" name="Point B" loop="Y" totalframe="60" enable="Y" aid="16542"/>
<action id="pose_a.swf" name="Pose A" loop="Y" totalframe="60" enable="Y" aid="16543"/>
<action id="pose_b.swf" name="Pose B" loop="Y" totalframe="60" enable="Y" aid="16544"/>
<action id="relax.swf" name="Relax" loop="Y" totalframe="60" enable="Y" aid="16545"/>
<action id="sick.swf" name="Sick" loop="Y" totalframe="60" enable="Y" aid="16546"/>
<action id="sit.swf" name="Sit" loop="Y" totalframe="60" enable="Y" aid="16547"/>
<action id="stand02.swf" name="Posing" loop="Y" totalframe="60" enable="Y" aid="16548"/>
<action id="talk.swf" name="Talk" loop="Y" totalframe="60" enable="Y" aid="16549"/>
<action id="thinking.swf" name="Thinking" loop="Y" totalframe="60" enable="Y" aid="16550"/>
<action id="time.swf" name="Look at watch" loop="Y" totalframe="60" enable="Y" aid="16551"/>
<action id="work01.swf" name="Work" loop="Y" totalframe="60" enable="Y" aid="16552"/>
<action id="work02.swf" name="Work cleared" loop="Y" totalframe="60" enable="Y" aid="16553"/>
<action id="sleep.swf" name="Tired" loop="Y" totalframe="60" enable="Y" aid="16554"/>
<action id="in_love.swf" name="Fall in love" loop="Y" totalframe="60" enable="Y" aid="16555"/>
<action id="get_noticed.swf" name="Get attention" loop="Y" totalframe="60" enable="Y" aid="16556"/>
<motion id="walk.swf" name="Walk" loop="Y" totalframe="60" enable="Y" aid="16557"/>
<motion id="run.swf" name="Run" loop="Y" totalframe="60" enable="Y" aid="16558"/>
<facial id="head_angry_front.swf" name="Face Camera - Angry" enable="Y" aid="16559"/>
<facial id="head_confused_front.swf" name="Face Camera - Confused" enable="Y" aid="16560"/>
<facial id="head_cry_front.swf" name="Face Camera - Cry" enable="Y" aid="16561"/>
<facial id="head_happy_front.swf" name="Face Camera - Happy" enable="Y" aid="16562"/>
<facial id="head_neutral_front.swf" name="Face Camera - Neutral" enable="Y" aid="16563"/>
<facial id="head_sad_front.swf" name="Face Camera - Sad" enable="Y" aid="16564"/>
<facial id="head_sick_front.swf" name="Face Camera - Sick" enable="Y" aid="16565"/>
<facial id="head_talk_front.swf" name="Face Camera - Talk" enable="Y" aid="16566"/>
<facial id="head_angry_side.swf" name="3/4 Front View - Angry" enable="Y" aid="16567"/>
<facial id="head_confused_side.swf" name="3/4 Front View - Confused" enable="Y" aid="16568"/>
<facial id="head_cry_side.swf" name="3/4 Front View - Cry" enable="Y" aid="16569"/>
<facial id="head_happy_side.swf" name="3/4 Front View - Happy" enable="Y" aid="16570"/>
<facial id="head_neutral_side.swf" name="3/4 Front View - Neutral" enable="Y" aid="16571"/>
<facial id="head_sad_side.swf" name="3/4 Front View - Sad" enable="Y" aid="16572"/>
<facial id="head_sick_side.swf" name="3/4 Front View - Sick" enable="Y" aid="16573"/>
<facial id="head_talk_side.swf" name="3/4 Front View - Talk" enable="Y" aid="16574"/>
<library type="mouth" path="001" theme_id="business"/>
</char>



  <background name="Enterprize Command Room" id="ecr.swf" sharing="0" money="0" aid="12448" is_premium="N" default="N" enable="Y"/>
  <background name="Enterprize Teleporter Room" id="etr.swf" sharing="0" money="0" aid="12448" is_premium="N" default="N" enable="Y"/>
  <background name="Starfield" id="starfield_test.swf" sharing="0" money="0" aid="12448" is_premium="N" default="N" enable="Y"/>
  <background name="Outerspace" id="outerspace.swf" sharing="0" money="0" aid="12448" is_premium="N" default="N" enable="Y"/>
  <background name="Star Wars Logo Scroll" id="logoAnimated.swf" sharing="0" money="0" aid="12448" is_premium="N" default="N" enable="Y"/>
  <background name="Romulan Bridge" id="romulan_bridge.swf" sharing="0" money="0" aid="12448" is_premium="N" default="N" enable="Y"/>
  <background name="solarbaby" id="solarbaby.swf" sharing="0" money="0" aid="12448" is_premium="N" default="N" enable="Y"/>
  <background name="SOLARBABY" id="SOLARBABEY.swf" sharing="0" money="0" aid="12448" is_premium="N" default="N" enable="Y"/>
  <background name="Curtain" id="10077947.jpg" sharing="0" money="0" aid="12448" is_premium="N" default="N" enable="Y"/>
  <background name="Old GoAnimate Logo" id="100822332.png" sharing="0" money="0" aid="12448" is_premium="N" default="N" enable="Y"/>
  <background name="Plans And Pricing" id="101679783.png" sharing="0" money="0" aid="12448" is_premium="N" default="N" enable="Y"/>
  <background name="Background One" id="1023.jpg" sharing="0" money="0" aid="12448" is_premium="N" default="N" enable="Y"/>
  <background name="On The Moon" id="103887940.jpg" sharing="0" money="0" aid="12448" is_premium="N" default="N" enable="Y"/>
  <background name="Corrupted Fox Movie Channel" id="104980030.jpg" sharing="0" money="0" aid="12448" is_premium="N" default="N" enable="Y"/>
  <background name="Spongebob Time Card Later" id="104995475.jpg" sharing="0" money="0" aid="12448" is_premium="N" default="N" enable="Y"/>
  <background name="Twentith Century Fox" id="105483238.jpg" sharing="0" money="0" aid="12448" is_premium="N" default="N" enable="Y"/>
  <background name="Super Mario Bros" id="105922500.png" sharing="0" money="0" aid="12448" is_premium="N" default="N" enable="Y"/>
  <background name="Old YouTube" id="107378231.png" sharing="0" money="0" aid="12448" is_premium="N" default="N" enable="Y"/>
  <background name="Wedding" id="107549210.jpg" sharing="0" money="0" aid="12448" is_premium="N" default="N" enable="Y"/>
  <background name="No Signal" id="109524036.jpg" sharing="0" money="0" aid="12448" is_premium="N" default="N" enable="Y"/>
  <background name="Opened Curtain" id="109658496.jpg" sharing="0" money="0" aid="12448" is_premium="N" default="N" enable="Y"/>
  <background name="Twentith Century Fox Classic Movies" id="109857176.png" sharing="0" money="0" aid="12448" is_premium="N" default="N" enable="Y"/>
  <background name="Planet Earth" id="1102996.swf" sharing="0" money="0" aid="12448" is_premium="N" default="N" enable="Y"/>
  <background name="Space With Moving Planets" id="1102999.swf" sharing="0" money="0" aid="12448" is_premium="N" default="N" enable="Y"/>
  <background name="Mushroom Theatre" id="112131425.png" sharing="0" money="0" aid="12448" is_premium="N" default="N" enable="Y"/>
  <background name="Bowsers Kingdom" id="112284546.png" sharing="0" money="0" aid="12448" is_premium="N" default="N" enable="Y"/>
  <background name="Space" id="113576144.jpg" sharing="0" money="0" aid="12448" is_premium="N" default="N" enable="Y"/>
  <background name="Pinkie Pie" id="114281214.jpg" sharing="0" money="0" aid="12448" is_premium="N" default="N" enable="Y"/>
  <background name="Old Google Website" id="115177674.png" sharing="0" money="0" aid="12448" is_premium="N" default="N" enable="Y"/>
  <background name="Egypt" id="1155.jpg" sharing="0" money="0" aid="12448" is_premium="N" default="N" enable="Y"/>
  <background name="Gradient" id="116188865.png" sharing="0" money="0" aid="12448" is_premium="N" default="N" enable="Y"/>
  <background name="New York City" id="11641524.jpg" sharing="0" money="0" aid="12448" is_premium="N" default="N" enable="Y"/>
  <background name="Twentith Century Fox" id="118812884.png" sharing="0" money="0" aid="12448" is_premium="N" default="N" enable="Y"/>
  <background name="Space" id="120159996.jpg" sharing="0" money="0" aid="12448" is_premium="N" default="N" enable="Y"/>
  <background name="Nothing" id="121191021.jpg" sharing="0" money="0" aid="12448" is_premium="N" default="N" enable="Y"/>
  <background name="Some Kind Of an Spongebob Background" id="121803859.jpg" sharing="0" money="0" aid="12448" is_premium="N" default="N" enable="Y"/>
  <background name="Old GoAnimate Videomaker From 2012" id="122208192.png" sharing="0" money="0" aid="12448" is_premium="N" default="N" enable="Y"/>
  <background name="Green Movie Trailer" id="122500560.jpg" sharing="0" money="0" aid="12448" is_premium="N" default="N" enable="Y"/>
  <background name="Green Hill Zone Pixelated" id="122621144.jpg" sharing="0" money="0" aid="12448" is_premium="N" default="N" enable="Y"/>
  <background name="Taco Bell" id="122988704.png" sharing="0" money="0" aid="12448" is_premium="N" default="N" enable="Y"/>
  <background name="Chalkboard" id="1238539.swf" sharing="0" money="0" aid="12448" is_premium="N" default="N" enable="Y"/>
  <background name="Old NickToons" id="124553314.jpg" sharing="0" money="0" aid="12448" is_premium="N" default="N" enable="Y"/>
  <background name="Background Two" id="124816603.jpg" sharing="0" money="0" aid="12448" is_premium="N" default="N" enable="Y"/>
  <background name="THX (SamCraft's Favorite Logo)" id="125212644.jpg" sharing="0" money="0" aid="12448" is_premium="N" default="N" enable="Y"/>
  <background name="O Entertainment" id="125714773.jpg" sharing="0" money="0" aid="12448" is_premium="N" default="N" enable="Y"/>
  <background name="Broken THX Logo" id="125952310.png" sharing="0" money="0" aid="12448" is_premium="N" default="N" enable="Y"/>
  <background name="Paramount Logo 100 Years" id="126047722.jpg" sharing="0" money="0" aid="12448" is_premium="N" default="N" enable="Y"/>
  <background name="Universal Logo 100 Years" id="126048024.jpg" sharing="0" money="0" aid="12448" is_premium="N" default="N" enable="Y"/>
  <background name="Eduedu" id="126149064.jpg" sharing="0" money="0" aid="12448" is_premium="N" default="N" enable="Y"/>
  <background name="Beach" id="126174263.jpg" sharing="0" money="0" aid="12448" is_premium="N" default="N" enable="Y"/>
  <background name="Create Your Account On YouTube" id="126194754.jpg" sharing="0" money="0" aid="12448" is_premium="N" default="N" enable="Y"/>
  <background name="Minecraft" id="127017291.jpg" sharing="0" money="0" aid="12448" is_premium="N" default="N" enable="Y"/>
  <background name="Chuck E Cheese With a Police Car" id="127776581.png" sharing="0" money="0" aid="12448" is_premium="N" default="N" enable="Y"/>
  <background name="Blue Curtains" id="1278.jpg" sharing="0" money="0" aid="12448" is_premium="N" default="N" enable="Y"/>
  <background name="Eduedu Facebook" id="128281947.jpg" sharing="0" money="0" aid="12448" is_premium="N" default="N" enable="Y"/>
  <background name="Prison" id="129014229.png" sharing="0" money="0" aid="12448" is_premium="N" default="N" enable="Y"/>
  <background name="Take Two Family" id="129087087.jpg" sharing="0" money="0" aid="12448" is_premium="N" default="N" enable="Y"/>
  <background name="Living Room" id="129287447.jpg" sharing="0" money="0" aid="12448" is_premium="N" default="N" enable="Y"/>
  <background name="The Wiggles House" id="129287563.jpg" sharing="0" money="0" aid="12448" is_premium="N" default="N" enable="Y"/>
  <background name="Background Three" id="129288475.jpg" sharing="0" money="0" aid="12448" is_premium="N" default="N" enable="Y"/>
  <background name="House" id="129528151.png" sharing="0" money="0" aid="12448" is_premium="N" default="N" enable="Y"/>
  <background name="Christmas Clock Theater" id="129746306.jpg" sharing="0" money="0" aid="12448" is_premium="N" default="N" enable="Y"/>
  <background name="Stage" id="129747254.jpg" sharing="0" money="0" aid="12448" is_premium="N" default="N" enable="Y"/>
  <background name="Batman Signal" id="130009818.jpg" sharing="0" money="0" aid="12448" is_premium="N" default="N" enable="Y"/>
  <background name="To Be Continued" id="130085938.jpg" sharing="0" money="0" aid="12448" is_premium="N" default="N" enable="Y"/>
  <background name="FBI Warning" id="132167197.jpg" sharing="0" money="0" aid="12448" is_premium="N" default="N" enable="Y"/>
  <background name="City Sunset" id="133317803.jpg" sharing="0" money="0" aid="12448" is_premium="N" default="N" enable="Y"/>
  <background name="Mansion" id="1348.jpg" sharing="0" money="0" aid="12448" is_premium="N" default="N" enable="Y"/>
  <background name="City In a Neighborhood" id="137042.jpg" sharing="0" money="0" aid="12448" is_premium="N" default="N" enable="Y"/>
  <background name="Earth" id="137666789.jpg" sharing="0" money="0" aid="12448" is_premium="N" default="N" enable="Y"/>
  <background name="Chuck E Cheese" id="138841413.jpg" sharing="0" money="0" aid="12448" is_premium="N" default="N" enable="Y"/>
  <background name="Empty Office Comedy World Room" id="13886435.jpg" sharing="0" money="0" aid="12448" is_premium="N" default="N" enable="Y"/>
  <background name="Another Paramount Logo" id="139546660.jpg" sharing="0" money="0" aid="12448" is_premium="N" default="N" enable="Y"/>
  <background name="Farmland" id="14.jpg" sharing="0" money="0" aid="12448" is_premium="N" default="N" enable="Y"/>
  <background name="Car Back" id="140.jpg" sharing="0" money="0" aid="12448" is_premium="N" default="N" enable="Y"/>
  <background name="MLP House" id="144179999.png" sharing="0" money="0" aid="12448" is_premium="N" default="N" enable="Y"/>
  <background name="Moon" id="14533.jpg" sharing="0" money="0" aid="12448" is_premium="N" default="N" enable="Y"/>
  <background name="Blocks?" id="147765011.png" sharing="0" money="0" aid="12448" is_premium="N" default="N" enable="Y"/>
  <background name="Africa" id="15.jpg" sharing="0" money="0" aid="12448" is_premium="N" default="N" enable="Y"/>
  <background name="Slenderman" id="153295336.png" sharing="0" money="0" aid="12448" is_premium="N" default="N" enable="Y"/>
  <background name="Slenderman Woods" id="153730072.jpg" sharing="0" money="0" aid="12448" is_premium="N" default="N" enable="Y"/>
  <background name="The Fun House?" id="154578534.jpg" sharing="0" money="0" aid="12448" is_premium="N" default="N" enable="Y"/>
  <background name="White House" id="154955.jpg" sharing="0" money="0" aid="12448" is_premium="N" default="N" enable="Y"/>
  <background name="Crosswalk" id="1556.jpg" sharing="0" money="0" aid="12448" is_premium="N" default="N" enable="Y"/>
  <background name="Space" id="156404175.jpg" sharing="0" money="0" aid="12448" is_premium="N" default="N" enable="Y"/>
  <background name="Walt Disney Pictures Classic" id="156441105.jpg" sharing="0" money="0" aid="12448" is_premium="N" default="N" enable="Y"/>
  <background name="Walt Disney Pictures Moderen" id="157098268.jpg" sharing="0" money="0" aid="12448" is_premium="N" default="N" enable="Y"/>
  <background name="Playground" id="157152747.jpg" sharing="0" money="0" aid="12448" is_premium="N" default="N" enable="Y"/>
  <background name="Conference Room Without a Table" id="157542.jpg" sharing="0" money="0" aid="12448" is_premium="N" default="N" enable="Y"/>
  <background name="Fancy Bedroom" id="15992433.jpg" sharing="0" money="0" aid="12448" is_premium="N" default="N" enable="Y"/>
  <background name="Explosion" id="1602.jpg" sharing="0" money="0" aid="12448" is_premium="N" default="N" enable="Y"/>
  <background name="Regular Show Living Room" id="161234110.png" sharing="0" money="0" aid="12448" is_premium="N" default="N" enable="Y"/>
  <background name="Business Tower" id="162028.swf" sharing="0" money="0" aid="12448" is_premium="N" default="N" enable="Y"/>
  <background name="Minecraft Hills" id="163429446.png" sharing="0" money="0" aid="12448" is_premium="N" default="N" enable="Y"/>
  <background name="Universal Studio Tour" id="163793729.jpg" sharing="0" money="0" aid="12448" is_premium="N" default="N" enable="Y"/>
  <background name="Fancy Home (Alexanders House)" id="164811789.jpg" sharing="0" money="0" aid="12448" is_premium="N" default="N" enable="Y"/>
  <background name="Modern Paramount Logo" id="164837436.jpg" sharing="0" money="0" aid="12448" is_premium="N" default="N" enable="Y"/>
  <background name="House" id="165378567.jpg" sharing="0" money="0" aid="12448" is_premium="N" default="N" enable="Y"/>
  <background name="Klasky Csupo Inc." id="168911803.png" sharing="0" money="0" aid="12448" is_premium="N" default="N" enable="Y"/>
  <background name="Hell" id="169958772.jpg" sharing="0" money="0" aid="12448" is_premium="N" default="N" enable="Y"/>
  <background name="Kitchen Platform" id="170491560.png" sharing="0" money="0" aid="12448" is_premium="N" default="N" enable="Y"/>
  <background name="Modern Universal" id="170634443.png" sharing="0" money="0" aid="12448" is_premium="N" default="N" enable="Y"/>
  <background name="Red Space" id="17065939.jpg" sharing="0" money="0" aid="12448" is_premium="N" default="N" enable="Y"/>
  <background name="Background Four" id="1709453.swf" sharing="0" money="0" aid="12448" is_premium="N" default="N" enable="Y"/>
  <background name="Imagine Entertainment" id="171147438.jpg" sharing="0" money="0" aid="12448" is_premium="N" default="N" enable="Y"/>
  <background name="Cartoon Inc" id="171233259.jpg" sharing="0" money="0" aid="12448" is_premium="N" default="N" enable="Y"/>
  <background name="Strawberrys" id="171389482.png" sharing="0" money="0" aid="12448" is_premium="N" default="N" enable="Y"/>
  <background name="Office Room" id="173508.swf" sharing="0" money="0" aid="12448" is_premium="N" default="N" enable="Y"/>
  <background name="Bedroom" id="173510.swf" sharing="0" money="0" aid="12448" is_premium="N" default="N" enable="Y"/>
  <background name="Rate It Even If You Hate It" id="17408674.jpg" sharing="0" money="0" aid="12448" is_premium="N" default="N" enable="Y"/>
  <background name="MTV" id="17453894.jpg" sharing="0" money="0" aid="12448" is_premium="N" default="N" enable="Y"/>
  <background name="Google Logo" id="17496337.jpg" sharing="0" money="0" aid="12448" is_premium="N" default="N" enable="Y"/>
  <background name="Custom Comedy World Background One" id="177222738.jpg" sharing="0" money="0" aid="12448" is_premium="N" default="N" enable="Y"/>
  <background name="Golf Course" id="177253.swf" sharing="0" money="0" aid="12448" is_premium="N" default="N" enable="Y"/>
  <background name="Girl Bedroom" id="177254.swf" sharing="0" money="0" aid="12448" is_premium="N" default="N" enable="Y"/>
  <background name="Modern Twentith Century Fox" id="178438358.jpg" sharing="0" money="0" aid="12448" is_premium="N" default="N" enable="Y"/>
  <background name="Musical Theater Of The Wiggles" id="178495527.jpg" sharing="0" money="0" aid="12448" is_premium="N" default="N" enable="Y"/>
  <background name="Bathroom Platform" id="179869373.png" sharing="0" money="0" aid="12448" is_premium="N" default="N" enable="Y"/>
  <background name="Bathroom Platform" id="179870461.png" sharing="0" money="0" aid="12448" is_premium="N" default="N" enable="Y"/>
  <background name="The Wiggles House" id="180233868.png" sharing="0" money="0" aid="12448" is_premium="N" default="N" enable="Y"/>
  <background name="The Centre" id="180261176.jpg" sharing="0" money="0" aid="12448" is_premium="N" default="N" enable="Y"/>
  <background name="Windows XP" id="182224608.png" sharing="0" money="0" aid="12448" is_premium="N" default="N" enable="Y"/>
  <background name="Cafe" id="182837.swf" sharing="0" money="0" aid="12448" is_premium="N" default="N" enable="Y"/>
  <background name="Santa's Home" id="182841.swf" sharing="0" money="0" aid="12448" is_premium="N" default="N" enable="Y"/>
  <background name="Two Clouds" id="184524163.png" sharing="0" money="0" aid="12448" is_premium="N" default="N" enable="Y"/>
  <background name="Road" id="1871616.swf" sharing="0" money="0" aid="12448" is_premium="N" default="N" enable="Y"/>
  <background name="Spacecraft" id="1896429.swf" sharing="0" money="0" aid="12448" is_premium="N" default="N" enable="Y"/>
  <background name="Boy Pointing at The Map" id="189903144.png" sharing="0" money="0" aid="12448" is_premium="N" default="N" enable="Y"/>
  <background name="Cleaners" id="189912257.jpg" sharing="0" money="0" aid="12448" is_premium="N" default="N" enable="Y"/>
  <background name="Food And Degreasers" id="189912298.jpg" sharing="0" money="0" aid="12448" is_premium="N" default="N" enable="Y"/>
  <background name="Floor Care" id="189912326.jpg" sharing="0" money="0" aid="12448" is_premium="N" default="N" enable="Y"/>
  <background name="City" id="19.jpg" sharing="0" money="0" aid="12448" is_premium="N" default="N" enable="Y"/>
  <background name="Boy Bedroom" id="190223.swf" sharing="0" money="0" aid="12448" is_premium="N" default="N" enable="Y"/>
  <background name="The Wiggles Studio" id="190549134.jpg" sharing="0" money="0" aid="12448" is_premium="N" default="N" enable="Y"/>
  <background name="Drawing Paper" id="200637.png" sharing="0" money="0" aid="12448" is_premium="N" default="N" enable="Y"/>
  <background name="Spaceship Interior" id="20083203.jpg" sharing="0" money="0" aid="12448" is_premium="N" default="N" enable="Y"/>
  <background name="House" id="20286009.jpg" sharing="0" money="0" aid="12448" is_premium="N" default="N" enable="Y"/>
  <background name="Dance Floor" id="20388378.jpg" sharing="0" money="0" aid="12448" is_premium="N" default="N" enable="Y"/>
  <background name="Theater With Spotlights" id="2060.jpg" sharing="0" money="0" aid="12448" is_premium="N" default="N" enable="Y"/>
  <background name="Interview Room" id="2084.jpg" sharing="0" money="0" aid="12448" is_premium="N" default="N" enable="Y"/>
  <background name="Explosion City" id="20866475.jpg" sharing="0" money="0" aid="12448" is_premium="N" default="N" enable="Y"/>
  <background name="Castle" id="2118325.png" sharing="0" money="0" aid="12448" is_premium="N" default="N" enable="Y"/>
  <background name="GoAnimate Movie Warning" id="21222630.jpg" sharing="0" money="0" aid="12448" is_premium="N" default="N" enable="Y"/>
  <background name="The End" id="21337566.jpg" sharing="0" money="0" aid="12448" is_premium="N" default="N" enable="Y"/>
  <background name="Hotel Room" id="2138.jpg" sharing="0" money="0" aid="12448" is_premium="N" default="N" enable="Y"/>
  <background name="Hallway" id="216726.swf" sharing="0" money="0" aid="12448" is_premium="N" default="N" enable="Y"/>
  <background name="Red Curtain Theater" id="21778992.jpg" sharing="0" money="0" aid="12448" is_premium="N" default="N" enable="Y"/>
  <background name="Desert" id="2214.jpg" sharing="0" money="0" aid="12448" is_premium="N" default="N" enable="Y"/>
  <background name="Kitchen" id="22356524.jpg" sharing="0" money="0" aid="12448" is_premium="N" default="N" enable="Y"/>
  <background name="Medivian Diner" id="22413253.jpg" sharing="0" money="0" aid="12448" is_premium="N" default="N" enable="Y"/>
  <background name="The End" id="22514114.png" sharing="0" money="0" aid="12448" is_premium="N" default="N" enable="Y"/>
  <background name="Boxing" id="22990890.swf" sharing="0" money="0" aid="12448" is_premium="N" default="N" enable="Y"/>
  <background name="City" id="23822222.jpg" sharing="0" money="0" aid="12448" is_premium="N" default="N" enable="Y"/>
  <background name="Mars" id="24101868.jpg" sharing="0" money="0" aid="12448" is_premium="N" default="N" enable="Y"/>
  <background name="News You Can Use" id="24196335.jpg" sharing="0" money="0" aid="12448" is_premium="N" default="N" enable="Y"/>
  <background name="Town With Lots Of People" id="24278.jpg" sharing="0" money="0" aid="12448" is_premium="N" default="N" enable="Y"/>
  <background name="Pikachu" id="244713.jpg" sharing="0" money="0" aid="12448" is_premium="N" default="N" enable="Y"/>
  <background name="Pokemon" id="244724.jpg" sharing="0" money="0" aid="12448" is_premium="N" default="N" enable="Y"/>
  <background name="Planets" id="24606355.jpg" sharing="0" money="0" aid="12448" is_premium="N" default="N" enable="Y"/>
  <background name="Office" id="25348.jpg" sharing="0" money="0" aid="12448" is_premium="N" default="N" enable="Y"/>
  <background name="Earth" id="25517697.jpg" sharing="0" money="0" aid="12448" is_premium="N" default="N" enable="Y"/>
  <background name="Firey Planet" id="25573656.jpg" sharing="0" money="0" aid="12448" is_premium="N" default="N" enable="Y"/>
  <background name="Meadow At The Beach" id="25973.jpg" sharing="0" money="0" aid="12448" is_premium="N" default="N" enable="Y"/>
  <background name="The Simpsons Living Room" id="26158919.png" sharing="0" money="0" aid="12448" is_premium="N" default="N" enable="Y"/>
  <background name="McDonalds" id="26179034.png" sharing="0" money="0" aid="12448" is_premium="N" default="N" enable="Y"/>
  <background name="Soldiers" id="26872.jpg" sharing="0" money="0" aid="12448" is_premium="N" default="N" enable="Y"/>
  <background name="Bedroom" id="27468821.jpg" sharing="0" money="0" aid="12448" is_premium="N" default="N" enable="Y"/>
  <background name="American Idol" id="27608528.jpg" sharing="0" money="0" aid="12448" is_premium="N" default="N" enable="Y"/>
  <background name="WinterTown" id="28016550.jpg" sharing="0" money="0" aid="12448" is_premium="N" default="N" enable="Y"/>
  <background name="City Hall" id="28108.jpg" sharing="0" money="0" aid="12448" is_premium="N" default="N" enable="Y"/>
  <background name="City" id="28283955.jpg" sharing="0" money="0" aid="12448" is_premium="N" default="N" enable="Y"/>
  <background name="Path" id="28635.jpg" sharing="0" money="0" aid="12448" is_premium="N" default="N" enable="Y"/>
  <background name="New York City" id="29874519.jpg" sharing="0" money="0" aid="12448" is_premium="N" default="N" enable="Y"/>
  <background name="Forest" id="29957914.jpg" sharing="0" money="0" aid="12448" is_premium="N" default="N" enable="Y"/>
  <background name="Winter Forest" id="29965.jpg" sharing="0" money="0" aid="12448" is_premium="N" default="N" enable="Y"/>
  <background name="Background Five" id="29972133.jpg" sharing="0" money="0" aid="12448" is_premium="N" default="N" enable="Y"/>
  <background name="Background Six" id="29972165.jpg" sharing="0" money="0" aid="12448" is_premium="N" default="N" enable="Y"/>
  <background name="Earth" id="30441729.jpg" sharing="0" money="0" aid="12448" is_premium="N" default="N" enable="Y"/>
  <background name="Custom Comedy World Background Two" id="31249669.jpg" sharing="0" money="0" aid="12448" is_premium="N" default="N" enable="Y"/>
  <background name="Custom Comedy World Background Three" id="31254493.jpg" sharing="0" money="0" aid="12448" is_premium="N" default="N" enable="Y"/>
  <background name="Clouds" id="31332278.jpg" sharing="0" money="0" aid="12448" is_premium="N" default="N" enable="Y"/>
  <background name="War" id="31515167.jpg" sharing="0" money="0" aid="12448" is_premium="N" default="N" enable="Y"/>
  <background name="Space" id="32358330.jpg" sharing="0" money="0" aid="12448" is_premium="N" default="N" enable="Y"/>
  <background name="Titanic" id="32521846.jpg" sharing="0" money="0" aid="12448" is_premium="N" default="N" enable="Y"/>
  <background name="Sky With Clouds" id="152587889.jpg" sharing="0" money="0" aid="12448" is_premium="N" default="N" enable="Y"/>
  <background name="Green Hill Zone" id="644860.jpg" sharing="0" money="0" aid="12448" is_premium="N" default="N" enable="Y"/>
  <background name="SolarBaby Logo" id="6102939.swf" sharing="0" money="0" aid="12448" is_premium="N" default="N" enable="Y"/>
  <background name="Windows XP Greenlands" id="29950107.png" sharing="0" money="0" aid="12448" is_premium="N" default="N" enable="Y"/>
  <background name="Sun And Planets" id="24606400.jpg" sharing="0" money="0" aid="12448" is_premium="N" default="N" enable="Y"/>
  <background name="Old GoAnimate Studio Videomaker" id="69761418.jpg" sharing="0" money="0" aid="12448" is_premium="N" default="N" enable="Y"/>
  <background name="Old GoAnimate Studio Videomaker" id="69760385.jpg" sharing="0" money="0" aid="12448" is_premium="N" default="N" enable="Y"/>
  <background name="Super Mario" id="62871811.png" sharing="0" money="0" aid="12448" is_premium="N" default="N" enable="Y"/>
  <background name="Old GoAnimate Studio Upload Video" id="69762893.jpg" sharing="0" money="0" aid="12448" is_premium="N" default="N" enable="Y"/>
  <background name="McDonalds" id="49228263.jpg" sharing="0" money="0" aid="12448" is_premium="N" default="N" enable="Y"/>
  <background name="The Lazer Collection" id="49681556.png" sharing="0" money="0" aid="12448" is_premium="N" default="N" enable="Y"/>
  <background name="Shop" id="45516641.jpg" sharing="0" money="0" aid="12448" is_premium="N" default="N" enable="Y"/>
  <background name="Shop" id="45513979.jpg" sharing="0" money="0" aid="12448" is_premium="N" default="N" enable="Y"/>
  <background name="TMAOTCAF" id="The Many Adventure's Of The Creator And Friends.png" sharing="0" money="0" aid="12448" is_premium="N" default="N" enable="Y"/>
  <background name="GoAniFire Demo Thumbnail" id="GoAniFire Demo Thumbnail Community Library.jpg" sharing="0" money="0" aid="12448" is_premium="N" default="N" enable="Y"/>
  <background name="Grasslands Night" id="Grasslands_Night.jpg" sharing="0" money="0" aid="12448" is_premium="N" default="N" enable="Y"/>
  <background name="Night Clouds" id="Night_Clouds.jpg" sharing="0" money="0" aid="12448" is_premium="N" default="N" enable="Y"/>
  <background name="AGK House" id="AGK's House.PNG" sharing="0" money="0" aid="12448" is_premium="N" default="N" enable="Y"/>
  <background name="Pizza Hut Interior" id="Pizza_Hut_Interior.jpg" sharing="0" money="0" aid="12448" is_premium="N" default="N" enable="Y"/>
  <background name="Pool" id="Pool.jpg" sharing="0" money="0" aid="12448" is_premium="N" default="N" enable="Y"/>
  <background name="SamCraft's Bedroom" id="SamCraft_Ten_Bedroom.png" sharing="0" money="0" aid="12448" is_premium="N" default="N" enable="Y"/>
  <background name="SamCraft's Living Room" id="SamCraft_Ten_Living Room.png" sharing="0" money="0" aid="12448" is_premium="N" default="N" enable="Y"/>
  <background name="Townsvile" id="Temecula Townsvile.jpg" sharing="0" money="0" aid="12448" is_premium="N" default="N" enable="Y"/>
  <background name="The Loud House Living Room" id="TheLoudHouseLivingRoom.jpg" sharing="0" money="0" aid="12448" is_premium="N" default="N" enable="Y"/>
  <background name="The Andersons House" id="The_Andersons_House.png" sharing="0" money="0" aid="12448" is_premium="N" default="N" enable="Y"/>
  <background name="Forest" id="forest_gachalife.PNG" sharing="0" money="0" aid="12448" is_premium="N" default="N" enable="Y"/>
  <background name="Night Mountain" id="night_mountain_gachalife.PNG" sharing="0" money="0" aid="12448" is_premium="N" default="N" enable="Y"/>
  <background name="River" id="river_gachalife.PNG" sharing="0" money="0" aid="12448" is_premium="N" default="N" enable="Y"/>
  <background name="Whitehouse" id="whitehouse_gachalife.PNG" sharing="0" money="0" aid="12448" is_premium="N" default="N" enable="Y"/>
  <background name="Alexander And Lisa Room" id="Alexander And Lisa Room.jpg" sharing="0" money="0" aid="12448" is_premium="N" default="N" enable="Y"/>
  <background name="Front Room Day" id="Front Room Day.jpg" sharing="0" money="0" aid="12448" is_premium="N" default="N" enable="Y"/>
  <background name="Front Room Night" id="Front Room Night.jpg" sharing="0" money="0" aid="12448" is_premium="N" default="N" enable="Y"/>
  <background name="Kitchen Day" id="Kitchen Day.jpg" sharing="0" money="0" aid="12448" is_premium="N" default="N" enable="Y"/>
  <background name="Kitchen Night" id="Kitchen Night.jpg" sharing="0" money="0" aid="12448" is_premium="N" default="N" enable="Y"/>
  <background name="Living Room" id="Living Room.jpg" sharing="0" money="0" aid="12448" is_premium="N" default="N" enable="Y"/>
  <background name="My Room" id="My Room.jpg" sharing="0" money="0" aid="12448" is_premium="N" default="N" enable="Y"/>
  <background name="Outside Day" id="Outside Of The House Day.jpg" sharing="0" money="0" aid="12448" is_premium="N" default="N" enable="Y"/>
  <background name="Outside Night" id="Outside Of The House Night.jpg" sharing="0" money="0" aid="12448" is_premium="N" default="N" enable="Y"/>
  <background name="Staircase Hallway" id="Staircase Hallway.jpg" sharing="0" money="0" aid="12448" is_premium="N" default="N" enable="Y"/>
  <background name="Trash" id="Trash.jpg" sharing="0" money="0" aid="12448" is_premium="N" default="N" enable="Y"/>
  <background name="Basement" id="Basement.jpg" sharing="0" money="0" aid="12448" is_premium="N" default="N" enable="Y"/>
  <background name="Starry Night" id="Night_Starry.png" sharing="0" money="0" aid="12448" is_premium="N" default="N" enable="Y"/>
   <prop id="back.swf" name="Background" holdable="0" placeable="1" facing="left" thumb="" enable="Y" is_premium="N" aid="1030" money="0" sharing="0"/>
   <prop id="knife.swf" name="Knife" holdable="1" placeable="1" facing="left" thumb="" enable="Y" is_premium="N" aid="1030" money="0" sharing="0"/>
   <prop id="piss.swf" name="Pissed Meal" holdable="1" placeable="1" facing="left" thumb="" enable="Y" is_premium="N" aid="1030" money="0" sharing="0"/>
   <prop id="hammer.swf" name="Happy Bunny's Hammer" holdable="1" placeable="1" facing="left" thumb="" enable="Y" is_premium="N" aid="1030" money="0" sharing="0"/>
    <prop id="msp_chair" name="Chair" holdable="0" placeable="1" facing="left" thumb="test.swf" enable="Y" is_premium="N" aid="1038" money="0" sharing="0">
      <state id="front.swf" name="Front" enable="Y" default="Y"/>
      <state id="side.swf" name="Side-ish" enable="Y"/>
    </prop>
     <prop id="msp_zap_switch_dangerous_box_closed" name="Dangerous Box" holdable="0" placeable="1" facing="left" thumb="msp_zap_switch_dangerous_box_closed.swf" enable="Y" is_premium="N" aid="1038" money="0" sharing="0">
        <state id="msp_zap_switch_dangerous_box_closed.swf" name="Closed" enable="Y" default="Y"/>
        <state id="msp_zap_switch_dangerous_box_opening.swf" name="Opening" enable="Y"/>
        <state id="msp_zap_switch_dangerous_box_open.swf" name="Open" enable="Y"/>
    </prop>
    <prop id="test3.swf" name="Center" holdable="0" placeable="1" facing="left" thumb="" enable="Y" is_premium="N" aid="1039" money="0" sharing="0"/>
    <prop id="test4.swf" name="Table" holdable="0" placeable="1" facing="left" thumb="test.swf" enable="Y" is_premium="N" aid="1038" money="0" sharing="0"/>
  <prop id="comingsoon.swf" name="Coming Soon..." holdable="0" placeable="1" wearable="0" facing="left" thumb="" enable="Y" is_premium="N" aid="1031" money="0" sharing="0"/>
  <prop id="logo.swf" name="Happy Bunny Logo" holdable="0" placeable="1" wearable="0" facing="left" thumb="" enable="Y" is_premium="N" aid="1032" money="0" sharing="0"/>
 <prop id="logo2.swf" name="Happy Bunny Logo 2" holdable="0" placeable="1" wearable="0" facing="left" thumb="" enable="Y" is_premium="N" aid="1033" money="0" sharing="0"/>
  <prop id="unkown.swf" name="Happy Bunny Logo 3" holdable="0" placeable="1" wearable="0" facing="left" thumb="" enable="Y" is_premium="N" aid="1034" money="0" sharing="0"/>
  <prop id="unkown2.swf" name="Bunny Head" holdable="0" placeable="1" wearable="0" facing="left" thumb="" enable="Y" is_premium="N" aid="1035" money="0" sharing="0"/>
  <prop id="unkown3.swf" name="Chick Crossing" holdable="0" placeable="1" wearable="0" facing="left" thumb="" enable="Y" is_premium="N" aid="1036" money="0" sharing="0"/>
  <prop id="watermark.swf" name="Watermark" holdable="0" placeable="1" wearable="0" facing="left" thumb="" enable="Y" is_premium="N" aid="1037" money="0" sharing="0"/>
  <prop id="Aux_Power.swf" name="Aux Power" holdable="0" placeable="1" wearable="0" facing="left" thumb="" enable="Y" is_premium="N" aid="1037" money="0" sharing="0"/>
  <prop id="Deflector_Status.swf" name="Deflector Status" holdable="0" placeable="1" wearable="0" facing="left" thumb="" enable="Y" is_premium="N" aid="1037" money="0" sharing="0"/>
  <prop id="Earth Shuttle.swf" name="Earth Shuttle" holdable="0" placeable="1" wearable="0" facing="left" thumb="" enable="Y" is_premium="N" aid="1037" money="0" sharing="0"/>
  <prop id="Engineer Dispaly 3.swf" name="Engineer Display 3" holdable="0" placeable="1" wearable="0" facing="left" thumb="" enable="Y" is_premium="N" aid="1037" money="0" sharing="0"/>
  <prop id="Engineering 1.swf" name="Engineering 1" holdable="0" placeable="1" wearable="0" facing="left" thumb="" enable="Y" is_premium="N" aid="1037" money="0" sharing="0"/>
  <prop id="Engineering 2.swf" name="Engineering 2" holdable="0" placeable="1" wearable="0" facing="left" thumb="" enable="Y" is_premium="N" aid="1037" money="0" sharing="0"/>
  <prop id="Ent Beauty Pass.swf" name="Ent Beauty Pass" holdable="0" placeable="1" wearable="0" facing="left" thumb="" enable="Y" is_premium="N" aid="1037" money="0" sharing="0"/>
  <prop id="Enterprise D 1.swf" name="Enterprise D 1" holdable="0" placeable="1" wearable="0" facing="left" thumb="" enable="Y" is_premium="N" aid="1037" money="0" sharing="0"/>
  <prop id="Enterprise D 2.swf" name="Enterprise D 2" holdable="0" placeable="1" wearable="0" facing="left" thumb="" enable="Y" is_premium="N" aid="1037" money="0" sharing="0"/>
  <prop id="Enterprise D 3.swf" name="Enterprise D 3" holdable="0" placeable="1" wearable="0" facing="left" thumb="" enable="Y" is_premium="N" aid="1037" money="0" sharing="0"/>
  <prop id="Enterprise Front.swf" name="Enterprise Front" holdable="0" placeable="1" wearable="0" facing="left" thumb="" enable="Y" is_premium="N" aid="1037" money="0" sharing="0"/>
  <prop id="Enterprise Top.swf" name="Enterprise Top" holdable="0" placeable="1" wearable="0" facing="left" thumb="" enable="Y" is_premium="N" aid="1037" money="0" sharing="0"/>
  <prop id="Escape Pod 1.swf" name="Escape Pod 1" holdable="0" placeable="1" wearable="0" facing="left" thumb="" enable="Y" is_premium="N" aid="1037" money="0" sharing="0"/>
  <prop id="Galileo Ext Aft.swf" name="Galileo Ext Aft" holdable="0" placeable="1" wearable="0" facing="left" thumb="" enable="Y" is_premium="N" aid="1037" money="0" sharing="0"/>
  <prop id="Galileo Ext Front.swf" name="Galileo Ext Front" holdable="0" placeable="1" wearable="0" facing="left" thumb="" enable="Y" is_premium="N" aid="1037" money="0" sharing="0"/>
  <prop id="Klingon BOP Detailed.swf" name="Klingon BOP Detailed" holdable="0" placeable="1" wearable="0" facing="left" thumb="" enable="Y" is_premium="N" aid="1037" money="0" sharing="0"/>
  <prop id="Magic Flower.swf" name="Magic Flower" holdable="0" placeable="1" wearable="0" facing="left" thumb="" enable="Y" is_premium="N" aid="1037" money="0" sharing="0"/>
  <prop id="Magic Lamp-magical smoke.swf" name="Magic Lamp (Magical Smoke)" holdable="0" placeable="1" wearable="0" facing="left" thumb="" enable="Y" is_premium="N" aid="1037" money="0" sharing="0"/>
  <prop id="Magic Lamp.swf" name="Magic Lamp" holdable="0" placeable="1" wearable="0" facing="left" thumb="" enable="Y" is_premium="N" aid="1037" money="0" sharing="0"/>
  <prop id="New Shuttle 1.swf" name="New Shuttle 1" holdable="0" placeable="1" wearable="0" facing="left" thumb="" enable="Y" is_premium="N" aid="1037" money="0" sharing="0"/>
  <prop id="New Shuttle 2.swf" name="New Shuttle 2" holdable="0" placeable="1" wearable="0" facing="left" thumb="" enable="Y" is_premium="N" aid="1037" money="0" sharing="0"/>
  <prop id="New Shuttle 3.swf" name="New Shuttle 3" holdable="0" placeable="1" wearable="0" facing="left" thumb="" enable="Y" is_premium="N" aid="1037" money="0" sharing="0"/>
  <prop id="New Shuttle 4.swf" name="New Shuttle 4" holdable="0" placeable="1" wearable="0" facing="left" thumb="" enable="Y" is_premium="N" aid="1037" money="0" sharing="0"/>
  <prop id="Plant (Mira).swf" name="Plant (Mira)" holdable="0" placeable="1" wearable="0" facing="left" thumb="" enable="Y" is_premium="N" aid="1037" money="0" sharing="0"/>
  <prop id="REAL Enterprise 2.swf" name="Real Enterprise 2" holdable="0" placeable="1" wearable="0" facing="left" thumb="" enable="Y" is_premium="N" aid="1037" money="0" sharing="0"/>
  <prop id="REAL Enterprise.swf" name="Real Enterprise" holdable="0" placeable="1" wearable="0" facing="left" thumb="" enable="Y" is_premium="N" aid="1037" money="0" sharing="0"/>
  <prop id="Red_Alert.swf" name="Red Alert" holdable="0" placeable="1" wearable="0" facing="left" thumb="" enable="Y" is_premium="N" aid="1037" money="0" sharing="0"/>
  <prop id="Red_Alert_2.swf" name="Red Alert" holdable="0" placeable="1" wearable="0" facing="left" thumb="" enable="Y" is_premium="N" aid="1037" money="0" sharing="0"/>
  <prop id="Sea with beach.swf" name="Sea With Beach" holdable="0" placeable="1" wearable="0" facing="left" thumb="" enable="Y" is_premium="N" aid="1037" money="0" sharing="0"/>
  <prop id="Surf board cool.swf" name="Surf Board Cool" holdable="0" placeable="1" wearable="0" facing="left" thumb="" enable="Y" is_premium="N" aid="1037" money="0" sharing="0"/>
  <prop id="Surf board cute.swf" name="Surf Board Cute" holdable="0" placeable="1" wearable="0" facing="left" thumb="" enable="Y" is_premium="N" aid="1037" money="0" sharing="0"/>
  <prop id="Swimming Shark.swf" name="Swimming Shark" holdable="0" placeable="1" wearable="0" facing="left" thumb="" enable="Y" is_premium="N" aid="1037" money="0" sharing="0"/>
  <prop id="Tree (Mira).swf" name="Tree (Mira)" holdable="0" placeable="1" wearable="0" facing="left" thumb="" enable="Y" is_premium="N" aid="1037" money="0" sharing="0"/>
  <prop id="Wave basic.swf" name="Wave Basic" holdable="0" placeable="1" wearable="0" facing="left" thumb="" enable="Y" is_premium="N" aid="1037" money="0" sharing="0"/>
  <prop id="Wave curl shadow.swf" name="Wave Curl Shadow" holdable="0" placeable="1" wearable="0" facing="left" thumb="" enable="Y" is_premium="N" aid="1037" money="0" sharing="0"/>
  <prop id="Wave curl.swf" name="Wave Curl" holdable="0" placeable="1" wearable="0" facing="left" thumb="" enable="Y" is_premium="N" aid="1037" money="0" sharing="0"/>
  <prop id="Wave foam.swf" name="Wave Foam" holdable="0" placeable="1" wearable="0" facing="left" thumb="" enable="Y" is_premium="N" aid="1037" money="0" sharing="0"/>
  <prop id="Wave side basic.swf" name="Wave Side Basic" holdable="0" placeable="1" wearable="0" facing="left" thumb="" enable="Y" is_premium="N" aid="1037" money="0" sharing="0"/>
  <prop id="Wave side curl shadow.swf" name="Wave Side Curl Shadow" holdable="0" placeable="1" wearable="0" facing="left" thumb="" enable="Y" is_premium="N" aid="1037" money="0" sharing="0"/>
  <prop id="Wave side curl.swf" name="Wave Side Curl" holdable="0" placeable="1" wearable="0" facing="left" thumb="" enable="Y" is_premium="N" aid="1037" money="0" sharing="0"/>
  <prop id="Wave side foam.swf" name="Wave Side Foam" holdable="0" placeable="1" wearable="0" facing="left" thumb="" enable="Y" is_premium="N" aid="1037" money="0" sharing="0"/>
  <effect id="dim.swf" type="ANIME" resize="false" move="false" name="Dim" enable="Y" is_premium="N" aid="1216" money="0" sharing="0" display_order="0"/>
  <effect id="spraypaint.swf" type="ANIME" resize="false" move="false" name="Spraypaint" enable="Y" is_premium="N" aid="1217" money="0" sharing="0" display_order="0"/>
  </theme>
